sample-id	forward-absolute-filepath	reverse-absolute-filepath
cib11	/nobackup/jcnx71/cacao_flower_microbiome/qiime2/import/primer_trimmed/ITS1/cib11_ITS1.1.trimmed.fq.gz	/nobackup/jcnx71/cacao_flower_microbiome/qiime2/import/primer_trimmed/ITS1/cib11_ITS1.2.trimmed.fq.gz
cib12	/nobackup/jcnx71/cacao_flower_microbiome/qiime2/import/primer_trimmed/ITS1/cib12_ITS1.1.trimmed.fq.gz	/nobackup/jcnx71/cacao_flower_microbiome/qiime2/import/primer_trimmed/ITS1/cib12_ITS1.2.trimmed.fq.gz
cib13	/nobackup/jcnx71/cacao_flower_microbiome/qiime2/import/primer_trimmed/ITS1/cib13_ITS1.1.trimmed.fq.gz	/nobackup/jcnx71/cacao_flower_microbiome/qiime2/import/primer_trimmed/ITS1/cib13_ITS1.2.trimmed.fq.gz
cib21	/nobackup/jcnx71/cacao_flower_microbiome/qiime2/import/primer_trimmed/ITS1/cib21_ITS1.1.trimmed.fq.gz	/nobackup/jcnx71/cacao_flower_microbiome/qiime2/import/primer_trimmed/ITS1/cib21_ITS1.2.trimmed.fq.gz
cib22	/nobackup/jcnx71/cacao_flower_microbiome/qiime2/import/primer_trimmed/ITS1/cib22_ITS1.1.trimmed.fq.gz	/nobackup/jcnx71/cacao_flower_microbiome/qiime2/import/primer_trimmed/ITS1/cib22_ITS1.2.trimmed.fq.gz
cib23	/nobackup/jcnx71/cacao_flower_microbiome/qiime2/import/primer_trimmed/ITS1/cib23_ITS1.1.trimmed.fq.gz	/nobackup/jcnx71/cacao_flower_microbiome/qiime2/import/primer_trimmed/ITS1/cib23_ITS1.2.trimmed.fq.gz
cib31	/nobackup/jcnx71/cacao_flower_microbiome/qiime2/import/primer_trimmed/ITS1/cib31_ITS1.1.trimmed.fq.gz	/nobackup/jcnx71/cacao_flower_microbiome/qiime2/import/primer_trimmed/ITS1/cib31_ITS1.2.trimmed.fq.gz
cib32	/nobackup/jcnx71/cacao_flower_microbiome/qiime2/import/primer_trimmed/ITS1/cib32_ITS1.1.trimmed.fq.gz	/nobackup/jcnx71/cacao_flower_microbiome/qiime2/import/primer_trimmed/ITS1/cib32_ITS1.2.trimmed.fq.gz
cib33	/nobackup/jcnx71/cacao_flower_microbiome/qiime2/import/primer_trimmed/ITS1/cib33_ITS1.1.trimmed.fq.gz	/nobackup/jcnx71/cacao_flower_microbiome/qiime2/import/primer_trimmed/ITS1/cib33_ITS1.2.trimmed.fq.gz
cib41	/nobackup/jcnx71/cacao_flower_microbiome/qiime2/import/primer_trimmed/ITS1/cib41_ITS1.1.trimmed.fq.gz	/nobackup/jcnx71/cacao_flower_microbiome/qiime2/import/primer_trimmed/ITS1/cib41_ITS1.2.trimmed.fq.gz
cib42	/nobackup/jcnx71/cacao_flower_microbiome/qiime2/import/primer_trimmed/ITS1/cib42_ITS1.1.trimmed.fq.gz	/nobackup/jcnx71/cacao_flower_microbiome/qiime2/import/primer_trimmed/ITS1/cib42_ITS1.2.trimmed.fq.gz
cib43	/nobackup/jcnx71/cacao_flower_microbiome/qiime2/import/primer_trimmed/ITS1/cib43_ITS1.1.trimmed.fq.gz	/nobackup/jcnx71/cacao_flower_microbiome/qiime2/import/primer_trimmed/ITS1/cib43_ITS1.2.trimmed.fq.gz
cib51	/nobackup/jcnx71/cacao_flower_microbiome/qiime2/import/primer_trimmed/ITS1/cib51_ITS1.1.trimmed.fq.gz	/nobackup/jcnx71/cacao_flower_microbiome/qiime2/import/primer_trimmed/ITS1/cib51_ITS1.2.trimmed.fq.gz
cib52	/nobackup/jcnx71/cacao_flower_microbiome/qiime2/import/primer_trimmed/ITS1/cib52_ITS1.1.trimmed.fq.gz	/nobackup/jcnx71/cacao_flower_microbiome/qiime2/import/primer_trimmed/ITS1/cib52_ITS1.2.trimmed.fq.gz
cib53	/nobackup/jcnx71/cacao_flower_microbiome/qiime2/import/primer_trimmed/ITS1/cib53_ITS1.1.trimmed.fq.gz	/nobackup/jcnx71/cacao_flower_microbiome/qiime2/import/primer_trimmed/ITS1/cib53_ITS1.2.trimmed.fq.gz
cib61	/nobackup/jcnx71/cacao_flower_microbiome/qiime2/import/primer_trimmed/ITS1/cib61_ITS1.1.trimmed.fq.gz	/nobackup/jcnx71/cacao_flower_microbiome/qiime2/import/primer_trimmed/ITS1/cib61_ITS1.2.trimmed.fq.gz
cib62	/nobackup/jcnx71/cacao_flower_microbiome/qiime2/import/primer_trimmed/ITS1/cib62_ITS1.1.trimmed.fq.gz	/nobackup/jcnx71/cacao_flower_microbiome/qiime2/import/primer_trimmed/ITS1/cib62_ITS1.2.trimmed.fq.gz
cib63	/nobackup/jcnx71/cacao_flower_microbiome/qiime2/import/primer_trimmed/ITS1/cib63_ITS1.1.trimmed.fq.gz	/nobackup/jcnx71/cacao_flower_microbiome/qiime2/import/primer_trimmed/ITS1/cib63_ITS1.2.trimmed.fq.gz
cib71	/nobackup/jcnx71/cacao_flower_microbiome/qiime2/import/primer_trimmed/ITS1/cib71_ITS1.1.trimmed.fq.gz	/nobackup/jcnx71/cacao_flower_microbiome/qiime2/import/primer_trimmed/ITS1/cib71_ITS1.2.trimmed.fq.gz
cib72	/nobackup/jcnx71/cacao_flower_microbiome/qiime2/import/primer_trimmed/ITS1/cib72_ITS1.1.trimmed.fq.gz	/nobackup/jcnx71/cacao_flower_microbiome/qiime2/import/primer_trimmed/ITS1/cib72_ITS1.2.trimmed.fq.gz
cib73	/nobackup/jcnx71/cacao_flower_microbiome/qiime2/import/primer_trimmed/ITS1/cib73_ITS1.1.trimmed.fq.gz	/nobackup/jcnx71/cacao_flower_microbiome/qiime2/import/primer_trimmed/ITS1/cib73_ITS1.2.trimmed.fq.gz
cibEC	/nobackup/jcnx71/cacao_flower_microbiome/qiime2/import/primer_trimmed/ITS1/cibEC_ITS1.1.trimmed.fq.gz	/nobackup/jcnx71/cacao_flower_microbiome/qiime2/import/primer_trimmed/ITS1/cibEC_ITS1.2.trimmed.fq.gz
cibNC	/nobackup/jcnx71/cacao_flower_microbiome/qiime2/import/primer_trimmed/ITS1/cibNC_ITS1.1.trimmed.fq.gz	/nobackup/jcnx71/cacao_flower_microbiome/qiime2/import/primer_trimmed/ITS1/cibNC_ITS1.2.trimmed.fq.gz
cibPC	/nobackup/jcnx71/cacao_flower_microbiome/qiime2/import/primer_trimmed/ITS1/cibPC_ITS1.1.trimmed.fq.gz	/nobackup/jcnx71/cacao_flower_microbiome/qiime2/import/primer_trimmed/ITS1/cibPC_ITS1.2.trimmed.fq.gz
ckk11	/nobackup/jcnx71/cacao_flower_microbiome/qiime2/import/primer_trimmed/ITS1/ckk11_ITS1.1.trimmed.fq.gz	/nobackup/jcnx71/cacao_flower_microbiome/qiime2/import/primer_trimmed/ITS1/ckk11_ITS1.2.trimmed.fq.gz
ckk12	/nobackup/jcnx71/cacao_flower_microbiome/qiime2/import/primer_trimmed/ITS1/ckk12_ITS1.1.trimmed.fq.gz	/nobackup/jcnx71/cacao_flower_microbiome/qiime2/import/primer_trimmed/ITS1/ckk12_ITS1.2.trimmed.fq.gz
ckk13	/nobackup/jcnx71/cacao_flower_microbiome/qiime2/import/primer_trimmed/ITS1/ckk13_ITS1.1.trimmed.fq.gz	/nobackup/jcnx71/cacao_flower_microbiome/qiime2/import/primer_trimmed/ITS1/ckk13_ITS1.2.trimmed.fq.gz
ckk21	/nobackup/jcnx71/cacao_flower_microbiome/qiime2/import/primer_trimmed/ITS1/ckk21_ITS1.1.trimmed.fq.gz	/nobackup/jcnx71/cacao_flower_microbiome/qiime2/import/primer_trimmed/ITS1/ckk21_ITS1.2.trimmed.fq.gz
ckk22	/nobackup/jcnx71/cacao_flower_microbiome/qiime2/import/primer_trimmed/ITS1/ckk22_ITS1.1.trimmed.fq.gz	/nobackup/jcnx71/cacao_flower_microbiome/qiime2/import/primer_trimmed/ITS1/ckk22_ITS1.2.trimmed.fq.gz
ckk23	/nobackup/jcnx71/cacao_flower_microbiome/qiime2/import/primer_trimmed/ITS1/ckk23_ITS1.1.trimmed.fq.gz	/nobackup/jcnx71/cacao_flower_microbiome/qiime2/import/primer_trimmed/ITS1/ckk23_ITS1.2.trimmed.fq.gz
ckk31	/nobackup/jcnx71/cacao_flower_microbiome/qiime2/import/primer_trimmed/ITS1/ckk31_ITS1.1.trimmed.fq.gz	/nobackup/jcnx71/cacao_flower_microbiome/qiime2/import/primer_trimmed/ITS1/ckk31_ITS1.2.trimmed.fq.gz
ckk32	/nobackup/jcnx71/cacao_flower_microbiome/qiime2/import/primer_trimmed/ITS1/ckk32_ITS1.1.trimmed.fq.gz	/nobackup/jcnx71/cacao_flower_microbiome/qiime2/import/primer_trimmed/ITS1/ckk32_ITS1.2.trimmed.fq.gz
ckk33	/nobackup/jcnx71/cacao_flower_microbiome/qiime2/import/primer_trimmed/ITS1/ckk33_ITS1.1.trimmed.fq.gz	/nobackup/jcnx71/cacao_flower_microbiome/qiime2/import/primer_trimmed/ITS1/ckk33_ITS1.2.trimmed.fq.gz
ckk41	/nobackup/jcnx71/cacao_flower_microbiome/qiime2/import/primer_trimmed/ITS1/ckk41_ITS1.1.trimmed.fq.gz	/nobackup/jcnx71/cacao_flower_microbiome/qiime2/import/primer_trimmed/ITS1/ckk41_ITS1.2.trimmed.fq.gz
ckk42	/nobackup/jcnx71/cacao_flower_microbiome/qiime2/import/primer_trimmed/ITS1/ckk42_ITS1.1.trimmed.fq.gz	/nobackup/jcnx71/cacao_flower_microbiome/qiime2/import/primer_trimmed/ITS1/ckk42_ITS1.2.trimmed.fq.gz
ckk43	/nobackup/jcnx71/cacao_flower_microbiome/qiime2/import/primer_trimmed/ITS1/ckk43_ITS1.1.trimmed.fq.gz	/nobackup/jcnx71/cacao_flower_microbiome/qiime2/import/primer_trimmed/ITS1/ckk43_ITS1.2.trimmed.fq.gz
ckk51	/nobackup/jcnx71/cacao_flower_microbiome/qiime2/import/primer_trimmed/ITS1/ckk51_ITS1.1.trimmed.fq.gz	/nobackup/jcnx71/cacao_flower_microbiome/qiime2/import/primer_trimmed/ITS1/ckk51_ITS1.2.trimmed.fq.gz
ckk52	/nobackup/jcnx71/cacao_flower_microbiome/qiime2/import/primer_trimmed/ITS1/ckk52_ITS1.1.trimmed.fq.gz	/nobackup/jcnx71/cacao_flower_microbiome/qiime2/import/primer_trimmed/ITS1/ckk52_ITS1.2.trimmed.fq.gz
ckk53	/nobackup/jcnx71/cacao_flower_microbiome/qiime2/import/primer_trimmed/ITS1/ckk53_ITS1.1.trimmed.fq.gz	/nobackup/jcnx71/cacao_flower_microbiome/qiime2/import/primer_trimmed/ITS1/ckk53_ITS1.2.trimmed.fq.gz
ckk61	/nobackup/jcnx71/cacao_flower_microbiome/qiime2/import/primer_trimmed/ITS1/ckk61_ITS1.1.trimmed.fq.gz	/nobackup/jcnx71/cacao_flower_microbiome/qiime2/import/primer_trimmed/ITS1/ckk61_ITS1.2.trimmed.fq.gz
ckk62	/nobackup/jcnx71/cacao_flower_microbiome/qiime2/import/primer_trimmed/ITS1/ckk62_ITS1.1.trimmed.fq.gz	/nobackup/jcnx71/cacao_flower_microbiome/qiime2/import/primer_trimmed/ITS1/ckk62_ITS1.2.trimmed.fq.gz
ckk63	/nobackup/jcnx71/cacao_flower_microbiome/qiime2/import/primer_trimmed/ITS1/ckk63_ITS1.1.trimmed.fq.gz	/nobackup/jcnx71/cacao_flower_microbiome/qiime2/import/primer_trimmed/ITS1/ckk63_ITS1.2.trimmed.fq.gz
ckk71	/nobackup/jcnx71/cacao_flower_microbiome/qiime2/import/primer_trimmed/ITS1/ckk71_ITS1.1.trimmed.fq.gz	/nobackup/jcnx71/cacao_flower_microbiome/qiime2/import/primer_trimmed/ITS1/ckk71_ITS1.2.trimmed.fq.gz
ckk72	/nobackup/jcnx71/cacao_flower_microbiome/qiime2/import/primer_trimmed/ITS1/ckk72_ITS1.1.trimmed.fq.gz	/nobackup/jcnx71/cacao_flower_microbiome/qiime2/import/primer_trimmed/ITS1/ckk72_ITS1.2.trimmed.fq.gz
ckk73	/nobackup/jcnx71/cacao_flower_microbiome/qiime2/import/primer_trimmed/ITS1/ckk73_ITS1.1.trimmed.fq.gz	/nobackup/jcnx71/cacao_flower_microbiome/qiime2/import/primer_trimmed/ITS1/ckk73_ITS1.2.trimmed.fq.gz
ckkEC	/nobackup/jcnx71/cacao_flower_microbiome/qiime2/import/primer_trimmed/ITS1/ckkEC_ITS1.1.trimmed.fq.gz	/nobackup/jcnx71/cacao_flower_microbiome/qiime2/import/primer_trimmed/ITS1/ckkEC_ITS1.2.trimmed.fq.gz
ckkNC	/nobackup/jcnx71/cacao_flower_microbiome/qiime2/import/primer_trimmed/ITS1/ckkNC_ITS1.1.trimmed.fq.gz	/nobackup/jcnx71/cacao_flower_microbiome/qiime2/import/primer_trimmed/ITS1/ckkNC_ITS1.2.trimmed.fq.gz
ckkPC	/nobackup/jcnx71/cacao_flower_microbiome/qiime2/import/primer_trimmed/ITS1/ckkPC_ITS1.1.trimmed.fq.gz	/nobackup/jcnx71/cacao_flower_microbiome/qiime2/import/primer_trimmed/ITS1/ckkPC_ITS1.2.trimmed.fq.gz
cmt11	/nobackup/jcnx71/cacao_flower_microbiome/qiime2/import/primer_trimmed/ITS1/cmt11_ITS1.1.trimmed.fq.gz	/nobackup/jcnx71/cacao_flower_microbiome/qiime2/import/primer_trimmed/ITS1/cmt11_ITS1.2.trimmed.fq.gz
cmt12	/nobackup/jcnx71/cacao_flower_microbiome/qiime2/import/primer_trimmed/ITS1/cmt12_ITS1.1.trimmed.fq.gz	/nobackup/jcnx71/cacao_flower_microbiome/qiime2/import/primer_trimmed/ITS1/cmt12_ITS1.2.trimmed.fq.gz
cmt13	/nobackup/jcnx71/cacao_flower_microbiome/qiime2/import/primer_trimmed/ITS1/cmt13_ITS1.1.trimmed.fq.gz	/nobackup/jcnx71/cacao_flower_microbiome/qiime2/import/primer_trimmed/ITS1/cmt13_ITS1.2.trimmed.fq.gz
cmt21	/nobackup/jcnx71/cacao_flower_microbiome/qiime2/import/primer_trimmed/ITS1/cmt21_ITS1.1.trimmed.fq.gz	/nobackup/jcnx71/cacao_flower_microbiome/qiime2/import/primer_trimmed/ITS1/cmt21_ITS1.2.trimmed.fq.gz
cmt22	/nobackup/jcnx71/cacao_flower_microbiome/qiime2/import/primer_trimmed/ITS1/cmt22_ITS1.1.trimmed.fq.gz	/nobackup/jcnx71/cacao_flower_microbiome/qiime2/import/primer_trimmed/ITS1/cmt22_ITS1.2.trimmed.fq.gz
cmt23	/nobackup/jcnx71/cacao_flower_microbiome/qiime2/import/primer_trimmed/ITS1/cmt23_ITS1.1.trimmed.fq.gz	/nobackup/jcnx71/cacao_flower_microbiome/qiime2/import/primer_trimmed/ITS1/cmt23_ITS1.2.trimmed.fq.gz
cmt31	/nobackup/jcnx71/cacao_flower_microbiome/qiime2/import/primer_trimmed/ITS1/cmt31_ITS1.1.trimmed.fq.gz	/nobackup/jcnx71/cacao_flower_microbiome/qiime2/import/primer_trimmed/ITS1/cmt31_ITS1.2.trimmed.fq.gz
cmt32	/nobackup/jcnx71/cacao_flower_microbiome/qiime2/import/primer_trimmed/ITS1/cmt32_ITS1.1.trimmed.fq.gz	/nobackup/jcnx71/cacao_flower_microbiome/qiime2/import/primer_trimmed/ITS1/cmt32_ITS1.2.trimmed.fq.gz
cmt33	/nobackup/jcnx71/cacao_flower_microbiome/qiime2/import/primer_trimmed/ITS1/cmt33_ITS1.1.trimmed.fq.gz	/nobackup/jcnx71/cacao_flower_microbiome/qiime2/import/primer_trimmed/ITS1/cmt33_ITS1.2.trimmed.fq.gz
cmt41	/nobackup/jcnx71/cacao_flower_microbiome/qiime2/import/primer_trimmed/ITS1/cmt41_ITS1.1.trimmed.fq.gz	/nobackup/jcnx71/cacao_flower_microbiome/qiime2/import/primer_trimmed/ITS1/cmt41_ITS1.2.trimmed.fq.gz
cmt42	/nobackup/jcnx71/cacao_flower_microbiome/qiime2/import/primer_trimmed/ITS1/cmt42_ITS1.1.trimmed.fq.gz	/nobackup/jcnx71/cacao_flower_microbiome/qiime2/import/primer_trimmed/ITS1/cmt42_ITS1.2.trimmed.fq.gz
cmt43	/nobackup/jcnx71/cacao_flower_microbiome/qiime2/import/primer_trimmed/ITS1/cmt43_ITS1.1.trimmed.fq.gz	/nobackup/jcnx71/cacao_flower_microbiome/qiime2/import/primer_trimmed/ITS1/cmt43_ITS1.2.trimmed.fq.gz
cmt51	/nobackup/jcnx71/cacao_flower_microbiome/qiime2/import/primer_trimmed/ITS1/cmt51_ITS1.1.trimmed.fq.gz	/nobackup/jcnx71/cacao_flower_microbiome/qiime2/import/primer_trimmed/ITS1/cmt51_ITS1.2.trimmed.fq.gz
cmt52	/nobackup/jcnx71/cacao_flower_microbiome/qiime2/import/primer_trimmed/ITS1/cmt52_ITS1.1.trimmed.fq.gz	/nobackup/jcnx71/cacao_flower_microbiome/qiime2/import/primer_trimmed/ITS1/cmt52_ITS1.2.trimmed.fq.gz
cmt53	/nobackup/jcnx71/cacao_flower_microbiome/qiime2/import/primer_trimmed/ITS1/cmt53_ITS1.1.trimmed.fq.gz	/nobackup/jcnx71/cacao_flower_microbiome/qiime2/import/primer_trimmed/ITS1/cmt53_ITS1.2.trimmed.fq.gz
cmt61	/nobackup/jcnx71/cacao_flower_microbiome/qiime2/import/primer_trimmed/ITS1/cmt61_ITS1.1.trimmed.fq.gz	/nobackup/jcnx71/cacao_flower_microbiome/qiime2/import/primer_trimmed/ITS1/cmt61_ITS1.2.trimmed.fq.gz
cmt62	/nobackup/jcnx71/cacao_flower_microbiome/qiime2/import/primer_trimmed/ITS1/cmt62_ITS1.1.trimmed.fq.gz	/nobackup/jcnx71/cacao_flower_microbiome/qiime2/import/primer_trimmed/ITS1/cmt62_ITS1.2.trimmed.fq.gz
cmt63	/nobackup/jcnx71/cacao_flower_microbiome/qiime2/import/primer_trimmed/ITS1/cmt63_ITS1.1.trimmed.fq.gz	/nobackup/jcnx71/cacao_flower_microbiome/qiime2/import/primer_trimmed/ITS1/cmt63_ITS1.2.trimmed.fq.gz
cmt71	/nobackup/jcnx71/cacao_flower_microbiome/qiime2/import/primer_trimmed/ITS1/cmt71_ITS1.1.trimmed.fq.gz	/nobackup/jcnx71/cacao_flower_microbiome/qiime2/import/primer_trimmed/ITS1/cmt71_ITS1.2.trimmed.fq.gz
cmt72	/nobackup/jcnx71/cacao_flower_microbiome/qiime2/import/primer_trimmed/ITS1/cmt72_ITS1.1.trimmed.fq.gz	/nobackup/jcnx71/cacao_flower_microbiome/qiime2/import/primer_trimmed/ITS1/cmt72_ITS1.2.trimmed.fq.gz
cmt73	/nobackup/jcnx71/cacao_flower_microbiome/qiime2/import/primer_trimmed/ITS1/cmt73_ITS1.1.trimmed.fq.gz	/nobackup/jcnx71/cacao_flower_microbiome/qiime2/import/primer_trimmed/ITS1/cmt73_ITS1.2.trimmed.fq.gz
cmtEC	/nobackup/jcnx71/cacao_flower_microbiome/qiime2/import/primer_trimmed/ITS1/cmtEC_ITS1.1.trimmed.fq.gz	/nobackup/jcnx71/cacao_flower_microbiome/qiime2/import/primer_trimmed/ITS1/cmtEC_ITS1.2.trimmed.fq.gz
cmtNC	/nobackup/jcnx71/cacao_flower_microbiome/qiime2/import/primer_trimmed/ITS1/cmtNC_ITS1.1.trimmed.fq.gz	/nobackup/jcnx71/cacao_flower_microbiome/qiime2/import/primer_trimmed/ITS1/cmtNC_ITS1.2.trimmed.fq.gz
cmtPC	/nobackup/jcnx71/cacao_flower_microbiome/qiime2/import/primer_trimmed/ITS1/cmtPC_ITS1.1.trimmed.fq.gz	/nobackup/jcnx71/cacao_flower_microbiome/qiime2/import/primer_trimmed/ITS1/cmtPC_ITS1.2.trimmed.fq.gz
csa11	/nobackup/jcnx71/cacao_flower_microbiome/qiime2/import/primer_trimmed/ITS1/csa11_ITS1.1.trimmed.fq.gz	/nobackup/jcnx71/cacao_flower_microbiome/qiime2/import/primer_trimmed/ITS1/csa11_ITS1.2.trimmed.fq.gz
csa12	/nobackup/jcnx71/cacao_flower_microbiome/qiime2/import/primer_trimmed/ITS1/csa12_ITS1.1.trimmed.fq.gz	/nobackup/jcnx71/cacao_flower_microbiome/qiime2/import/primer_trimmed/ITS1/csa12_ITS1.2.trimmed.fq.gz
csa13	/nobackup/jcnx71/cacao_flower_microbiome/qiime2/import/primer_trimmed/ITS1/csa13_ITS1.1.trimmed.fq.gz	/nobackup/jcnx71/cacao_flower_microbiome/qiime2/import/primer_trimmed/ITS1/csa13_ITS1.2.trimmed.fq.gz
csa21	/nobackup/jcnx71/cacao_flower_microbiome/qiime2/import/primer_trimmed/ITS1/csa21_ITS1.1.trimmed.fq.gz	/nobackup/jcnx71/cacao_flower_microbiome/qiime2/import/primer_trimmed/ITS1/csa21_ITS1.2.trimmed.fq.gz
csa22	/nobackup/jcnx71/cacao_flower_microbiome/qiime2/import/primer_trimmed/ITS1/csa22_ITS1.1.trimmed.fq.gz	/nobackup/jcnx71/cacao_flower_microbiome/qiime2/import/primer_trimmed/ITS1/csa22_ITS1.2.trimmed.fq.gz
csa23	/nobackup/jcnx71/cacao_flower_microbiome/qiime2/import/primer_trimmed/ITS1/csa23_ITS1.1.trimmed.fq.gz	/nobackup/jcnx71/cacao_flower_microbiome/qiime2/import/primer_trimmed/ITS1/csa23_ITS1.2.trimmed.fq.gz
csa31	/nobackup/jcnx71/cacao_flower_microbiome/qiime2/import/primer_trimmed/ITS1/csa31_ITS1.1.trimmed.fq.gz	/nobackup/jcnx71/cacao_flower_microbiome/qiime2/import/primer_trimmed/ITS1/csa31_ITS1.2.trimmed.fq.gz
csa32	/nobackup/jcnx71/cacao_flower_microbiome/qiime2/import/primer_trimmed/ITS1/csa32_ITS1.1.trimmed.fq.gz	/nobackup/jcnx71/cacao_flower_microbiome/qiime2/import/primer_trimmed/ITS1/csa32_ITS1.2.trimmed.fq.gz
csa33	/nobackup/jcnx71/cacao_flower_microbiome/qiime2/import/primer_trimmed/ITS1/csa33_ITS1.1.trimmed.fq.gz	/nobackup/jcnx71/cacao_flower_microbiome/qiime2/import/primer_trimmed/ITS1/csa33_ITS1.2.trimmed.fq.gz
csa41	/nobackup/jcnx71/cacao_flower_microbiome/qiime2/import/primer_trimmed/ITS1/csa41_ITS1.1.trimmed.fq.gz	/nobackup/jcnx71/cacao_flower_microbiome/qiime2/import/primer_trimmed/ITS1/csa41_ITS1.2.trimmed.fq.gz
csa42	/nobackup/jcnx71/cacao_flower_microbiome/qiime2/import/primer_trimmed/ITS1/csa42_ITS1.1.trimmed.fq.gz	/nobackup/jcnx71/cacao_flower_microbiome/qiime2/import/primer_trimmed/ITS1/csa42_ITS1.2.trimmed.fq.gz
csa43	/nobackup/jcnx71/cacao_flower_microbiome/qiime2/import/primer_trimmed/ITS1/csa43_ITS1.1.trimmed.fq.gz	/nobackup/jcnx71/cacao_flower_microbiome/qiime2/import/primer_trimmed/ITS1/csa43_ITS1.2.trimmed.fq.gz
csa51	/nobackup/jcnx71/cacao_flower_microbiome/qiime2/import/primer_trimmed/ITS1/csa51_ITS1.1.trimmed.fq.gz	/nobackup/jcnx71/cacao_flower_microbiome/qiime2/import/primer_trimmed/ITS1/csa51_ITS1.2.trimmed.fq.gz
csa52	/nobackup/jcnx71/cacao_flower_microbiome/qiime2/import/primer_trimmed/ITS1/csa52_ITS1.1.trimmed.fq.gz	/nobackup/jcnx71/cacao_flower_microbiome/qiime2/import/primer_trimmed/ITS1/csa52_ITS1.2.trimmed.fq.gz
csa53	/nobackup/jcnx71/cacao_flower_microbiome/qiime2/import/primer_trimmed/ITS1/csa53_ITS1.1.trimmed.fq.gz	/nobackup/jcnx71/cacao_flower_microbiome/qiime2/import/primer_trimmed/ITS1/csa53_ITS1.2.trimmed.fq.gz
csa61	/nobackup/jcnx71/cacao_flower_microbiome/qiime2/import/primer_trimmed/ITS1/csa61_ITS1.1.trimmed.fq.gz	/nobackup/jcnx71/cacao_flower_microbiome/qiime2/import/primer_trimmed/ITS1/csa61_ITS1.2.trimmed.fq.gz
csa62	/nobackup/jcnx71/cacao_flower_microbiome/qiime2/import/primer_trimmed/ITS1/csa62_ITS1.1.trimmed.fq.gz	/nobackup/jcnx71/cacao_flower_microbiome/qiime2/import/primer_trimmed/ITS1/csa62_ITS1.2.trimmed.fq.gz
csa63	/nobackup/jcnx71/cacao_flower_microbiome/qiime2/import/primer_trimmed/ITS1/csa63_ITS1.1.trimmed.fq.gz	/nobackup/jcnx71/cacao_flower_microbiome/qiime2/import/primer_trimmed/ITS1/csa63_ITS1.2.trimmed.fq.gz
csa71	/nobackup/jcnx71/cacao_flower_microbiome/qiime2/import/primer_trimmed/ITS1/csa71_ITS1.1.trimmed.fq.gz	/nobackup/jcnx71/cacao_flower_microbiome/qiime2/import/primer_trimmed/ITS1/csa71_ITS1.2.trimmed.fq.gz
csa72	/nobackup/jcnx71/cacao_flower_microbiome/qiime2/import/primer_trimmed/ITS1/csa72_ITS1.1.trimmed.fq.gz	/nobackup/jcnx71/cacao_flower_microbiome/qiime2/import/primer_trimmed/ITS1/csa72_ITS1.2.trimmed.fq.gz
csa73	/nobackup/jcnx71/cacao_flower_microbiome/qiime2/import/primer_trimmed/ITS1/csa73_ITS1.1.trimmed.fq.gz	/nobackup/jcnx71/cacao_flower_microbiome/qiime2/import/primer_trimmed/ITS1/csa73_ITS1.2.trimmed.fq.gz
csaEC	/nobackup/jcnx71/cacao_flower_microbiome/qiime2/import/primer_trimmed/ITS1/csaEC_ITS1.1.trimmed.fq.gz	/nobackup/jcnx71/cacao_flower_microbiome/qiime2/import/primer_trimmed/ITS1/csaEC_ITS1.2.trimmed.fq.gz
csaNC	/nobackup/jcnx71/cacao_flower_microbiome/qiime2/import/primer_trimmed/ITS1/csaNC_ITS1.1.trimmed.fq.gz	/nobackup/jcnx71/cacao_flower_microbiome/qiime2/import/primer_trimmed/ITS1/csaNC_ITS1.2.trimmed.fq.gz
csaPC	/nobackup/jcnx71/cacao_flower_microbiome/qiime2/import/primer_trimmed/ITS1/csaPC_ITS1.1.trimmed.fq.gz	/nobackup/jcnx71/cacao_flower_microbiome/qiime2/import/primer_trimmed/ITS1/csaPC_ITS1.2.trimmed.fq.gz
cvi11	/nobackup/jcnx71/cacao_flower_microbiome/qiime2/import/primer_trimmed/ITS1/cvi11_ITS1.1.trimmed.fq.gz	/nobackup/jcnx71/cacao_flower_microbiome/qiime2/import/primer_trimmed/ITS1/cvi11_ITS1.2.trimmed.fq.gz
cvi12	/nobackup/jcnx71/cacao_flower_microbiome/qiime2/import/primer_trimmed/ITS1/cvi12_ITS1.1.trimmed.fq.gz	/nobackup/jcnx71/cacao_flower_microbiome/qiime2/import/primer_trimmed/ITS1/cvi12_ITS1.2.trimmed.fq.gz
cvi13	/nobackup/jcnx71/cacao_flower_microbiome/qiime2/import/primer_trimmed/ITS1/cvi13_ITS1.1.trimmed.fq.gz	/nobackup/jcnx71/cacao_flower_microbiome/qiime2/import/primer_trimmed/ITS1/cvi13_ITS1.2.trimmed.fq.gz
cvi21	/nobackup/jcnx71/cacao_flower_microbiome/qiime2/import/primer_trimmed/ITS1/cvi21_ITS1.1.trimmed.fq.gz	/nobackup/jcnx71/cacao_flower_microbiome/qiime2/import/primer_trimmed/ITS1/cvi21_ITS1.2.trimmed.fq.gz
cvi22	/nobackup/jcnx71/cacao_flower_microbiome/qiime2/import/primer_trimmed/ITS1/cvi22_ITS1.1.trimmed.fq.gz	/nobackup/jcnx71/cacao_flower_microbiome/qiime2/import/primer_trimmed/ITS1/cvi22_ITS1.2.trimmed.fq.gz
cvi23	/nobackup/jcnx71/cacao_flower_microbiome/qiime2/import/primer_trimmed/ITS1/cvi23_ITS1.1.trimmed.fq.gz	/nobackup/jcnx71/cacao_flower_microbiome/qiime2/import/primer_trimmed/ITS1/cvi23_ITS1.2.trimmed.fq.gz
cvi31	/nobackup/jcnx71/cacao_flower_microbiome/qiime2/import/primer_trimmed/ITS1/cvi31_ITS1.1.trimmed.fq.gz	/nobackup/jcnx71/cacao_flower_microbiome/qiime2/import/primer_trimmed/ITS1/cvi31_ITS1.2.trimmed.fq.gz
cvi32	/nobackup/jcnx71/cacao_flower_microbiome/qiime2/import/primer_trimmed/ITS1/cvi32_ITS1.1.trimmed.fq.gz	/nobackup/jcnx71/cacao_flower_microbiome/qiime2/import/primer_trimmed/ITS1/cvi32_ITS1.2.trimmed.fq.gz
cvi33	/nobackup/jcnx71/cacao_flower_microbiome/qiime2/import/primer_trimmed/ITS1/cvi33_ITS1.1.trimmed.fq.gz	/nobackup/jcnx71/cacao_flower_microbiome/qiime2/import/primer_trimmed/ITS1/cvi33_ITS1.2.trimmed.fq.gz
cvi41	/nobackup/jcnx71/cacao_flower_microbiome/qiime2/import/primer_trimmed/ITS1/cvi41_ITS1.1.trimmed.fq.gz	/nobackup/jcnx71/cacao_flower_microbiome/qiime2/import/primer_trimmed/ITS1/cvi41_ITS1.2.trimmed.fq.gz
cvi42	/nobackup/jcnx71/cacao_flower_microbiome/qiime2/import/primer_trimmed/ITS1/cvi42_ITS1.1.trimmed.fq.gz	/nobackup/jcnx71/cacao_flower_microbiome/qiime2/import/primer_trimmed/ITS1/cvi42_ITS1.2.trimmed.fq.gz
cvi43	/nobackup/jcnx71/cacao_flower_microbiome/qiime2/import/primer_trimmed/ITS1/cvi43_ITS1.1.trimmed.fq.gz	/nobackup/jcnx71/cacao_flower_microbiome/qiime2/import/primer_trimmed/ITS1/cvi43_ITS1.2.trimmed.fq.gz
cvi51	/nobackup/jcnx71/cacao_flower_microbiome/qiime2/import/primer_trimmed/ITS1/cvi51_ITS1.1.trimmed.fq.gz	/nobackup/jcnx71/cacao_flower_microbiome/qiime2/import/primer_trimmed/ITS1/cvi51_ITS1.2.trimmed.fq.gz
cvi52	/nobackup/jcnx71/cacao_flower_microbiome/qiime2/import/primer_trimmed/ITS1/cvi52_ITS1.1.trimmed.fq.gz	/nobackup/jcnx71/cacao_flower_microbiome/qiime2/import/primer_trimmed/ITS1/cvi52_ITS1.2.trimmed.fq.gz
cvi53	/nobackup/jcnx71/cacao_flower_microbiome/qiime2/import/primer_trimmed/ITS1/cvi53_ITS1.1.trimmed.fq.gz	/nobackup/jcnx71/cacao_flower_microbiome/qiime2/import/primer_trimmed/ITS1/cvi53_ITS1.2.trimmed.fq.gz
cvi61	/nobackup/jcnx71/cacao_flower_microbiome/qiime2/import/primer_trimmed/ITS1/cvi61_ITS1.1.trimmed.fq.gz	/nobackup/jcnx71/cacao_flower_microbiome/qiime2/import/primer_trimmed/ITS1/cvi61_ITS1.2.trimmed.fq.gz
cvi62	/nobackup/jcnx71/cacao_flower_microbiome/qiime2/import/primer_trimmed/ITS1/cvi62_ITS1.1.trimmed.fq.gz	/nobackup/jcnx71/cacao_flower_microbiome/qiime2/import/primer_trimmed/ITS1/cvi62_ITS1.2.trimmed.fq.gz
cvi63	/nobackup/jcnx71/cacao_flower_microbiome/qiime2/import/primer_trimmed/ITS1/cvi63_ITS1.1.trimmed.fq.gz	/nobackup/jcnx71/cacao_flower_microbiome/qiime2/import/primer_trimmed/ITS1/cvi63_ITS1.2.trimmed.fq.gz
cvi71	/nobackup/jcnx71/cacao_flower_microbiome/qiime2/import/primer_trimmed/ITS1/cvi71_ITS1.1.trimmed.fq.gz	/nobackup/jcnx71/cacao_flower_microbiome/qiime2/import/primer_trimmed/ITS1/cvi71_ITS1.2.trimmed.fq.gz
cvi72	/nobackup/jcnx71/cacao_flower_microbiome/qiime2/import/primer_trimmed/ITS1/cvi72_ITS1.1.trimmed.fq.gz	/nobackup/jcnx71/cacao_flower_microbiome/qiime2/import/primer_trimmed/ITS1/cvi72_ITS1.2.trimmed.fq.gz
cvi73	/nobackup/jcnx71/cacao_flower_microbiome/qiime2/import/primer_trimmed/ITS1/cvi73_ITS1.1.trimmed.fq.gz	/nobackup/jcnx71/cacao_flower_microbiome/qiime2/import/primer_trimmed/ITS1/cvi73_ITS1.2.trimmed.fq.gz
cviEC	/nobackup/jcnx71/cacao_flower_microbiome/qiime2/import/primer_trimmed/ITS1/cviEC_ITS1.1.trimmed.fq.gz	/nobackup/jcnx71/cacao_flower_microbiome/qiime2/import/primer_trimmed/ITS1/cviEC_ITS1.2.trimmed.fq.gz
cviNC	/nobackup/jcnx71/cacao_flower_microbiome/qiime2/import/primer_trimmed/ITS1/cviNC_ITS1.1.trimmed.fq.gz	/nobackup/jcnx71/cacao_flower_microbiome/qiime2/import/primer_trimmed/ITS1/cviNC_ITS1.2.trimmed.fq.gz
cviPC	/nobackup/jcnx71/cacao_flower_microbiome/qiime2/import/primer_trimmed/ITS1/cviPC_ITS1.1.trimmed.fq.gz	/nobackup/jcnx71/cacao_flower_microbiome/qiime2/import/primer_trimmed/ITS1/cviPC_ITS1.2.trimmed.fq.gz
cvr11	/nobackup/jcnx71/cacao_flower_microbiome/qiime2/import/primer_trimmed/ITS1/cvr11_ITS1.1.trimmed.fq.gz	/nobackup/jcnx71/cacao_flower_microbiome/qiime2/import/primer_trimmed/ITS1/cvr11_ITS1.2.trimmed.fq.gz
cvr12	/nobackup/jcnx71/cacao_flower_microbiome/qiime2/import/primer_trimmed/ITS1/cvr12_ITS1.1.trimmed.fq.gz	/nobackup/jcnx71/cacao_flower_microbiome/qiime2/import/primer_trimmed/ITS1/cvr12_ITS1.2.trimmed.fq.gz
cvr13	/nobackup/jcnx71/cacao_flower_microbiome/qiime2/import/primer_trimmed/ITS1/cvr13_ITS1.1.trimmed.fq.gz	/nobackup/jcnx71/cacao_flower_microbiome/qiime2/import/primer_trimmed/ITS1/cvr13_ITS1.2.trimmed.fq.gz
cvr21	/nobackup/jcnx71/cacao_flower_microbiome/qiime2/import/primer_trimmed/ITS1/cvr21_ITS1.1.trimmed.fq.gz	/nobackup/jcnx71/cacao_flower_microbiome/qiime2/import/primer_trimmed/ITS1/cvr21_ITS1.2.trimmed.fq.gz
cvr22	/nobackup/jcnx71/cacao_flower_microbiome/qiime2/import/primer_trimmed/ITS1/cvr22_ITS1.1.trimmed.fq.gz	/nobackup/jcnx71/cacao_flower_microbiome/qiime2/import/primer_trimmed/ITS1/cvr22_ITS1.2.trimmed.fq.gz
cvr23	/nobackup/jcnx71/cacao_flower_microbiome/qiime2/import/primer_trimmed/ITS1/cvr23_ITS1.1.trimmed.fq.gz	/nobackup/jcnx71/cacao_flower_microbiome/qiime2/import/primer_trimmed/ITS1/cvr23_ITS1.2.trimmed.fq.gz
cvr31	/nobackup/jcnx71/cacao_flower_microbiome/qiime2/import/primer_trimmed/ITS1/cvr31_ITS1.1.trimmed.fq.gz	/nobackup/jcnx71/cacao_flower_microbiome/qiime2/import/primer_trimmed/ITS1/cvr31_ITS1.2.trimmed.fq.gz
cvr32	/nobackup/jcnx71/cacao_flower_microbiome/qiime2/import/primer_trimmed/ITS1/cvr32_ITS1.1.trimmed.fq.gz	/nobackup/jcnx71/cacao_flower_microbiome/qiime2/import/primer_trimmed/ITS1/cvr32_ITS1.2.trimmed.fq.gz
cvr33	/nobackup/jcnx71/cacao_flower_microbiome/qiime2/import/primer_trimmed/ITS1/cvr33_ITS1.1.trimmed.fq.gz	/nobackup/jcnx71/cacao_flower_microbiome/qiime2/import/primer_trimmed/ITS1/cvr33_ITS1.2.trimmed.fq.gz
cvr41	/nobackup/jcnx71/cacao_flower_microbiome/qiime2/import/primer_trimmed/ITS1/cvr41_ITS1.1.trimmed.fq.gz	/nobackup/jcnx71/cacao_flower_microbiome/qiime2/import/primer_trimmed/ITS1/cvr41_ITS1.2.trimmed.fq.gz
cvr42	/nobackup/jcnx71/cacao_flower_microbiome/qiime2/import/primer_trimmed/ITS1/cvr42_ITS1.1.trimmed.fq.gz	/nobackup/jcnx71/cacao_flower_microbiome/qiime2/import/primer_trimmed/ITS1/cvr42_ITS1.2.trimmed.fq.gz
cvr43	/nobackup/jcnx71/cacao_flower_microbiome/qiime2/import/primer_trimmed/ITS1/cvr43_ITS1.1.trimmed.fq.gz	/nobackup/jcnx71/cacao_flower_microbiome/qiime2/import/primer_trimmed/ITS1/cvr43_ITS1.2.trimmed.fq.gz
cvr51	/nobackup/jcnx71/cacao_flower_microbiome/qiime2/import/primer_trimmed/ITS1/cvr51_ITS1.1.trimmed.fq.gz	/nobackup/jcnx71/cacao_flower_microbiome/qiime2/import/primer_trimmed/ITS1/cvr51_ITS1.2.trimmed.fq.gz
cvr52	/nobackup/jcnx71/cacao_flower_microbiome/qiime2/import/primer_trimmed/ITS1/cvr52_ITS1.1.trimmed.fq.gz	/nobackup/jcnx71/cacao_flower_microbiome/qiime2/import/primer_trimmed/ITS1/cvr52_ITS1.2.trimmed.fq.gz
cvr53	/nobackup/jcnx71/cacao_flower_microbiome/qiime2/import/primer_trimmed/ITS1/cvr53_ITS1.1.trimmed.fq.gz	/nobackup/jcnx71/cacao_flower_microbiome/qiime2/import/primer_trimmed/ITS1/cvr53_ITS1.2.trimmed.fq.gz
cvr61	/nobackup/jcnx71/cacao_flower_microbiome/qiime2/import/primer_trimmed/ITS1/cvr61_ITS1.1.trimmed.fq.gz	/nobackup/jcnx71/cacao_flower_microbiome/qiime2/import/primer_trimmed/ITS1/cvr61_ITS1.2.trimmed.fq.gz
cvr62	/nobackup/jcnx71/cacao_flower_microbiome/qiime2/import/primer_trimmed/ITS1/cvr62_ITS1.1.trimmed.fq.gz	/nobackup/jcnx71/cacao_flower_microbiome/qiime2/import/primer_trimmed/ITS1/cvr62_ITS1.2.trimmed.fq.gz
cvr63	/nobackup/jcnx71/cacao_flower_microbiome/qiime2/import/primer_trimmed/ITS1/cvr63_ITS1.1.trimmed.fq.gz	/nobackup/jcnx71/cacao_flower_microbiome/qiime2/import/primer_trimmed/ITS1/cvr63_ITS1.2.trimmed.fq.gz
cvr71	/nobackup/jcnx71/cacao_flower_microbiome/qiime2/import/primer_trimmed/ITS1/cvr71_ITS1.1.trimmed.fq.gz	/nobackup/jcnx71/cacao_flower_microbiome/qiime2/import/primer_trimmed/ITS1/cvr71_ITS1.2.trimmed.fq.gz
cvr72	/nobackup/jcnx71/cacao_flower_microbiome/qiime2/import/primer_trimmed/ITS1/cvr72_ITS1.1.trimmed.fq.gz	/nobackup/jcnx71/cacao_flower_microbiome/qiime2/import/primer_trimmed/ITS1/cvr72_ITS1.2.trimmed.fq.gz
cvr73	/nobackup/jcnx71/cacao_flower_microbiome/qiime2/import/primer_trimmed/ITS1/cvr73_ITS1.1.trimmed.fq.gz	/nobackup/jcnx71/cacao_flower_microbiome/qiime2/import/primer_trimmed/ITS1/cvr73_ITS1.2.trimmed.fq.gz
cvrEC	/nobackup/jcnx71/cacao_flower_microbiome/qiime2/import/primer_trimmed/ITS1/cvrEC_ITS1.1.trimmed.fq.gz	/nobackup/jcnx71/cacao_flower_microbiome/qiime2/import/primer_trimmed/ITS1/cvrEC_ITS1.2.trimmed.fq.gz
cvrNC	/nobackup/jcnx71/cacao_flower_microbiome/qiime2/import/primer_trimmed/ITS1/cvrNC_ITS1.1.trimmed.fq.gz	/nobackup/jcnx71/cacao_flower_microbiome/qiime2/import/primer_trimmed/ITS1/cvrNC_ITS1.2.trimmed.fq.gz
cvrPC	/nobackup/jcnx71/cacao_flower_microbiome/qiime2/import/primer_trimmed/ITS1/cvrPC_ITS1.1.trimmed.fq.gz	/nobackup/jcnx71/cacao_flower_microbiome/qiime2/import/primer_trimmed/ITS1/cvrPC_ITS1.2.trimmed.fq.gz
cyb11	/nobackup/jcnx71/cacao_flower_microbiome/qiime2/import/primer_trimmed/ITS1/cyb11_ITS1.1.trimmed.fq.gz	/nobackup/jcnx71/cacao_flower_microbiome/qiime2/import/primer_trimmed/ITS1/cyb11_ITS1.2.trimmed.fq.gz
cyb12	/nobackup/jcnx71/cacao_flower_microbiome/qiime2/import/primer_trimmed/ITS1/cyb12_ITS1.1.trimmed.fq.gz	/nobackup/jcnx71/cacao_flower_microbiome/qiime2/import/primer_trimmed/ITS1/cyb12_ITS1.2.trimmed.fq.gz
cyb13	/nobackup/jcnx71/cacao_flower_microbiome/qiime2/import/primer_trimmed/ITS1/cyb13_ITS1.1.trimmed.fq.gz	/nobackup/jcnx71/cacao_flower_microbiome/qiime2/import/primer_trimmed/ITS1/cyb13_ITS1.2.trimmed.fq.gz
cyb21	/nobackup/jcnx71/cacao_flower_microbiome/qiime2/import/primer_trimmed/ITS1/cyb21_ITS1.1.trimmed.fq.gz	/nobackup/jcnx71/cacao_flower_microbiome/qiime2/import/primer_trimmed/ITS1/cyb21_ITS1.2.trimmed.fq.gz
cyb22	/nobackup/jcnx71/cacao_flower_microbiome/qiime2/import/primer_trimmed/ITS1/cyb22_ITS1.1.trimmed.fq.gz	/nobackup/jcnx71/cacao_flower_microbiome/qiime2/import/primer_trimmed/ITS1/cyb22_ITS1.2.trimmed.fq.gz
cyb23	/nobackup/jcnx71/cacao_flower_microbiome/qiime2/import/primer_trimmed/ITS1/cyb23_ITS1.1.trimmed.fq.gz	/nobackup/jcnx71/cacao_flower_microbiome/qiime2/import/primer_trimmed/ITS1/cyb23_ITS1.2.trimmed.fq.gz
cyb31	/nobackup/jcnx71/cacao_flower_microbiome/qiime2/import/primer_trimmed/ITS1/cyb31_ITS1.1.trimmed.fq.gz	/nobackup/jcnx71/cacao_flower_microbiome/qiime2/import/primer_trimmed/ITS1/cyb31_ITS1.2.trimmed.fq.gz
cyb32	/nobackup/jcnx71/cacao_flower_microbiome/qiime2/import/primer_trimmed/ITS1/cyb32_ITS1.1.trimmed.fq.gz	/nobackup/jcnx71/cacao_flower_microbiome/qiime2/import/primer_trimmed/ITS1/cyb32_ITS1.2.trimmed.fq.gz
cyb33	/nobackup/jcnx71/cacao_flower_microbiome/qiime2/import/primer_trimmed/ITS1/cyb33_ITS1.1.trimmed.fq.gz	/nobackup/jcnx71/cacao_flower_microbiome/qiime2/import/primer_trimmed/ITS1/cyb33_ITS1.2.trimmed.fq.gz
cyb41	/nobackup/jcnx71/cacao_flower_microbiome/qiime2/import/primer_trimmed/ITS1/cyb41_ITS1.1.trimmed.fq.gz	/nobackup/jcnx71/cacao_flower_microbiome/qiime2/import/primer_trimmed/ITS1/cyb41_ITS1.2.trimmed.fq.gz
cyb42	/nobackup/jcnx71/cacao_flower_microbiome/qiime2/import/primer_trimmed/ITS1/cyb42_ITS1.1.trimmed.fq.gz	/nobackup/jcnx71/cacao_flower_microbiome/qiime2/import/primer_trimmed/ITS1/cyb42_ITS1.2.trimmed.fq.gz
cyb43	/nobackup/jcnx71/cacao_flower_microbiome/qiime2/import/primer_trimmed/ITS1/cyb43_ITS1.1.trimmed.fq.gz	/nobackup/jcnx71/cacao_flower_microbiome/qiime2/import/primer_trimmed/ITS1/cyb43_ITS1.2.trimmed.fq.gz
cyb51	/nobackup/jcnx71/cacao_flower_microbiome/qiime2/import/primer_trimmed/ITS1/cyb51_ITS1.1.trimmed.fq.gz	/nobackup/jcnx71/cacao_flower_microbiome/qiime2/import/primer_trimmed/ITS1/cyb51_ITS1.2.trimmed.fq.gz
cyb52	/nobackup/jcnx71/cacao_flower_microbiome/qiime2/import/primer_trimmed/ITS1/cyb52_ITS1.1.trimmed.fq.gz	/nobackup/jcnx71/cacao_flower_microbiome/qiime2/import/primer_trimmed/ITS1/cyb52_ITS1.2.trimmed.fq.gz
cyb53	/nobackup/jcnx71/cacao_flower_microbiome/qiime2/import/primer_trimmed/ITS1/cyb53_ITS1.1.trimmed.fq.gz	/nobackup/jcnx71/cacao_flower_microbiome/qiime2/import/primer_trimmed/ITS1/cyb53_ITS1.2.trimmed.fq.gz
cyb61	/nobackup/jcnx71/cacao_flower_microbiome/qiime2/import/primer_trimmed/ITS1/cyb61_ITS1.1.trimmed.fq.gz	/nobackup/jcnx71/cacao_flower_microbiome/qiime2/import/primer_trimmed/ITS1/cyb61_ITS1.2.trimmed.fq.gz
cyb62	/nobackup/jcnx71/cacao_flower_microbiome/qiime2/import/primer_trimmed/ITS1/cyb62_ITS1.1.trimmed.fq.gz	/nobackup/jcnx71/cacao_flower_microbiome/qiime2/import/primer_trimmed/ITS1/cyb62_ITS1.2.trimmed.fq.gz
cyb63	/nobackup/jcnx71/cacao_flower_microbiome/qiime2/import/primer_trimmed/ITS1/cyb63_ITS1.1.trimmed.fq.gz	/nobackup/jcnx71/cacao_flower_microbiome/qiime2/import/primer_trimmed/ITS1/cyb63_ITS1.2.trimmed.fq.gz
cyb71	/nobackup/jcnx71/cacao_flower_microbiome/qiime2/import/primer_trimmed/ITS1/cyb71_ITS1.1.trimmed.fq.gz	/nobackup/jcnx71/cacao_flower_microbiome/qiime2/import/primer_trimmed/ITS1/cyb71_ITS1.2.trimmed.fq.gz
cyb72	/nobackup/jcnx71/cacao_flower_microbiome/qiime2/import/primer_trimmed/ITS1/cyb72_ITS1.1.trimmed.fq.gz	/nobackup/jcnx71/cacao_flower_microbiome/qiime2/import/primer_trimmed/ITS1/cyb72_ITS1.2.trimmed.fq.gz
cyb73	/nobackup/jcnx71/cacao_flower_microbiome/qiime2/import/primer_trimmed/ITS1/cyb73_ITS1.1.trimmed.fq.gz	/nobackup/jcnx71/cacao_flower_microbiome/qiime2/import/primer_trimmed/ITS1/cyb73_ITS1.2.trimmed.fq.gz
cybEC	/nobackup/jcnx71/cacao_flower_microbiome/qiime2/import/primer_trimmed/ITS1/cybEC_ITS1.1.trimmed.fq.gz	/nobackup/jcnx71/cacao_flower_microbiome/qiime2/import/primer_trimmed/ITS1/cybEC_ITS1.2.trimmed.fq.gz
cybNC	/nobackup/jcnx71/cacao_flower_microbiome/qiime2/import/primer_trimmed/ITS1/cybNC_ITS1.1.trimmed.fq.gz	/nobackup/jcnx71/cacao_flower_microbiome/qiime2/import/primer_trimmed/ITS1/cybNC_ITS1.2.trimmed.fq.gz
cybPC	/nobackup/jcnx71/cacao_flower_microbiome/qiime2/import/primer_trimmed/ITS1/cybPC_ITS1.1.trimmed.fq.gz	/nobackup/jcnx71/cacao_flower_microbiome/qiime2/import/primer_trimmed/ITS1/cybPC_ITS1.2.trimmed.fq.gz
pib11	/nobackup/jcnx71/cacao_flower_microbiome/qiime2/import/primer_trimmed/ITS1/pib11_ITS1.1.trimmed.fq.gz	/nobackup/jcnx71/cacao_flower_microbiome/qiime2/import/primer_trimmed/ITS1/pib11_ITS1.2.trimmed.fq.gz
pib12	/nobackup/jcnx71/cacao_flower_microbiome/qiime2/import/primer_trimmed/ITS1/pib12_ITS1.1.trimmed.fq.gz	/nobackup/jcnx71/cacao_flower_microbiome/qiime2/import/primer_trimmed/ITS1/pib12_ITS1.2.trimmed.fq.gz
pib13	/nobackup/jcnx71/cacao_flower_microbiome/qiime2/import/primer_trimmed/ITS1/pib13_ITS1.1.trimmed.fq.gz	/nobackup/jcnx71/cacao_flower_microbiome/qiime2/import/primer_trimmed/ITS1/pib13_ITS1.2.trimmed.fq.gz
pib21	/nobackup/jcnx71/cacao_flower_microbiome/qiime2/import/primer_trimmed/ITS1/pib21_ITS1.1.trimmed.fq.gz	/nobackup/jcnx71/cacao_flower_microbiome/qiime2/import/primer_trimmed/ITS1/pib21_ITS1.2.trimmed.fq.gz
pib22	/nobackup/jcnx71/cacao_flower_microbiome/qiime2/import/primer_trimmed/ITS1/pib22_ITS1.1.trimmed.fq.gz	/nobackup/jcnx71/cacao_flower_microbiome/qiime2/import/primer_trimmed/ITS1/pib22_ITS1.2.trimmed.fq.gz
pib23	/nobackup/jcnx71/cacao_flower_microbiome/qiime2/import/primer_trimmed/ITS1/pib23_ITS1.1.trimmed.fq.gz	/nobackup/jcnx71/cacao_flower_microbiome/qiime2/import/primer_trimmed/ITS1/pib23_ITS1.2.trimmed.fq.gz
pib31	/nobackup/jcnx71/cacao_flower_microbiome/qiime2/import/primer_trimmed/ITS1/pib31_ITS1.1.trimmed.fq.gz	/nobackup/jcnx71/cacao_flower_microbiome/qiime2/import/primer_trimmed/ITS1/pib31_ITS1.2.trimmed.fq.gz
pib32	/nobackup/jcnx71/cacao_flower_microbiome/qiime2/import/primer_trimmed/ITS1/pib32_ITS1.1.trimmed.fq.gz	/nobackup/jcnx71/cacao_flower_microbiome/qiime2/import/primer_trimmed/ITS1/pib32_ITS1.2.trimmed.fq.gz
pib33	/nobackup/jcnx71/cacao_flower_microbiome/qiime2/import/primer_trimmed/ITS1/pib33_ITS1.1.trimmed.fq.gz	/nobackup/jcnx71/cacao_flower_microbiome/qiime2/import/primer_trimmed/ITS1/pib33_ITS1.2.trimmed.fq.gz
pib41	/nobackup/jcnx71/cacao_flower_microbiome/qiime2/import/primer_trimmed/ITS1/pib41_ITS1.1.trimmed.fq.gz	/nobackup/jcnx71/cacao_flower_microbiome/qiime2/import/primer_trimmed/ITS1/pib41_ITS1.2.trimmed.fq.gz
pib42	/nobackup/jcnx71/cacao_flower_microbiome/qiime2/import/primer_trimmed/ITS1/pib42_ITS1.1.trimmed.fq.gz	/nobackup/jcnx71/cacao_flower_microbiome/qiime2/import/primer_trimmed/ITS1/pib42_ITS1.2.trimmed.fq.gz
pib43	/nobackup/jcnx71/cacao_flower_microbiome/qiime2/import/primer_trimmed/ITS1/pib43_ITS1.1.trimmed.fq.gz	/nobackup/jcnx71/cacao_flower_microbiome/qiime2/import/primer_trimmed/ITS1/pib43_ITS1.2.trimmed.fq.gz
pib51	/nobackup/jcnx71/cacao_flower_microbiome/qiime2/import/primer_trimmed/ITS1/pib51_ITS1.1.trimmed.fq.gz	/nobackup/jcnx71/cacao_flower_microbiome/qiime2/import/primer_trimmed/ITS1/pib51_ITS1.2.trimmed.fq.gz
pib52	/nobackup/jcnx71/cacao_flower_microbiome/qiime2/import/primer_trimmed/ITS1/pib52_ITS1.1.trimmed.fq.gz	/nobackup/jcnx71/cacao_flower_microbiome/qiime2/import/primer_trimmed/ITS1/pib52_ITS1.2.trimmed.fq.gz
pib53	/nobackup/jcnx71/cacao_flower_microbiome/qiime2/import/primer_trimmed/ITS1/pib53_ITS1.1.trimmed.fq.gz	/nobackup/jcnx71/cacao_flower_microbiome/qiime2/import/primer_trimmed/ITS1/pib53_ITS1.2.trimmed.fq.gz
pib61	/nobackup/jcnx71/cacao_flower_microbiome/qiime2/import/primer_trimmed/ITS1/pib61_ITS1.1.trimmed.fq.gz	/nobackup/jcnx71/cacao_flower_microbiome/qiime2/import/primer_trimmed/ITS1/pib61_ITS1.2.trimmed.fq.gz
pib62	/nobackup/jcnx71/cacao_flower_microbiome/qiime2/import/primer_trimmed/ITS1/pib62_ITS1.1.trimmed.fq.gz	/nobackup/jcnx71/cacao_flower_microbiome/qiime2/import/primer_trimmed/ITS1/pib62_ITS1.2.trimmed.fq.gz
pib63	/nobackup/jcnx71/cacao_flower_microbiome/qiime2/import/primer_trimmed/ITS1/pib63_ITS1.1.trimmed.fq.gz	/nobackup/jcnx71/cacao_flower_microbiome/qiime2/import/primer_trimmed/ITS1/pib63_ITS1.2.trimmed.fq.gz
pib71	/nobackup/jcnx71/cacao_flower_microbiome/qiime2/import/primer_trimmed/ITS1/pib71_ITS1.1.trimmed.fq.gz	/nobackup/jcnx71/cacao_flower_microbiome/qiime2/import/primer_trimmed/ITS1/pib71_ITS1.2.trimmed.fq.gz
pib72	/nobackup/jcnx71/cacao_flower_microbiome/qiime2/import/primer_trimmed/ITS1/pib72_ITS1.1.trimmed.fq.gz	/nobackup/jcnx71/cacao_flower_microbiome/qiime2/import/primer_trimmed/ITS1/pib72_ITS1.2.trimmed.fq.gz
pib73	/nobackup/jcnx71/cacao_flower_microbiome/qiime2/import/primer_trimmed/ITS1/pib73_ITS1.1.trimmed.fq.gz	/nobackup/jcnx71/cacao_flower_microbiome/qiime2/import/primer_trimmed/ITS1/pib73_ITS1.2.trimmed.fq.gz
pibEC	/nobackup/jcnx71/cacao_flower_microbiome/qiime2/import/primer_trimmed/ITS1/pibEC_ITS1.1.trimmed.fq.gz	/nobackup/jcnx71/cacao_flower_microbiome/qiime2/import/primer_trimmed/ITS1/pibEC_ITS1.2.trimmed.fq.gz
pibNC	/nobackup/jcnx71/cacao_flower_microbiome/qiime2/import/primer_trimmed/ITS1/pibNC_ITS1.1.trimmed.fq.gz	/nobackup/jcnx71/cacao_flower_microbiome/qiime2/import/primer_trimmed/ITS1/pibNC_ITS1.2.trimmed.fq.gz
pibPC	/nobackup/jcnx71/cacao_flower_microbiome/qiime2/import/primer_trimmed/ITS1/pibPC_ITS1.1.trimmed.fq.gz	/nobackup/jcnx71/cacao_flower_microbiome/qiime2/import/primer_trimmed/ITS1/pibPC_ITS1.2.trimmed.fq.gz
pkk11	/nobackup/jcnx71/cacao_flower_microbiome/qiime2/import/primer_trimmed/ITS1/pkk11_ITS1.1.trimmed.fq.gz	/nobackup/jcnx71/cacao_flower_microbiome/qiime2/import/primer_trimmed/ITS1/pkk11_ITS1.2.trimmed.fq.gz
pkk12	/nobackup/jcnx71/cacao_flower_microbiome/qiime2/import/primer_trimmed/ITS1/pkk12_ITS1.1.trimmed.fq.gz	/nobackup/jcnx71/cacao_flower_microbiome/qiime2/import/primer_trimmed/ITS1/pkk12_ITS1.2.trimmed.fq.gz
pkk13	/nobackup/jcnx71/cacao_flower_microbiome/qiime2/import/primer_trimmed/ITS1/pkk13_ITS1.1.trimmed.fq.gz	/nobackup/jcnx71/cacao_flower_microbiome/qiime2/import/primer_trimmed/ITS1/pkk13_ITS1.2.trimmed.fq.gz
pkk21	/nobackup/jcnx71/cacao_flower_microbiome/qiime2/import/primer_trimmed/ITS1/pkk21_ITS1.1.trimmed.fq.gz	/nobackup/jcnx71/cacao_flower_microbiome/qiime2/import/primer_trimmed/ITS1/pkk21_ITS1.2.trimmed.fq.gz
pkk22	/nobackup/jcnx71/cacao_flower_microbiome/qiime2/import/primer_trimmed/ITS1/pkk22_ITS1.1.trimmed.fq.gz	/nobackup/jcnx71/cacao_flower_microbiome/qiime2/import/primer_trimmed/ITS1/pkk22_ITS1.2.trimmed.fq.gz
pkk23	/nobackup/jcnx71/cacao_flower_microbiome/qiime2/import/primer_trimmed/ITS1/pkk23_ITS1.1.trimmed.fq.gz	/nobackup/jcnx71/cacao_flower_microbiome/qiime2/import/primer_trimmed/ITS1/pkk23_ITS1.2.trimmed.fq.gz
pkk31	/nobackup/jcnx71/cacao_flower_microbiome/qiime2/import/primer_trimmed/ITS1/pkk31_ITS1.1.trimmed.fq.gz	/nobackup/jcnx71/cacao_flower_microbiome/qiime2/import/primer_trimmed/ITS1/pkk31_ITS1.2.trimmed.fq.gz
pkk32	/nobackup/jcnx71/cacao_flower_microbiome/qiime2/import/primer_trimmed/ITS1/pkk32_ITS1.1.trimmed.fq.gz	/nobackup/jcnx71/cacao_flower_microbiome/qiime2/import/primer_trimmed/ITS1/pkk32_ITS1.2.trimmed.fq.gz
pkk33	/nobackup/jcnx71/cacao_flower_microbiome/qiime2/import/primer_trimmed/ITS1/pkk33_ITS1.1.trimmed.fq.gz	/nobackup/jcnx71/cacao_flower_microbiome/qiime2/import/primer_trimmed/ITS1/pkk33_ITS1.2.trimmed.fq.gz
pkk41	/nobackup/jcnx71/cacao_flower_microbiome/qiime2/import/primer_trimmed/ITS1/pkk41_ITS1.1.trimmed.fq.gz	/nobackup/jcnx71/cacao_flower_microbiome/qiime2/import/primer_trimmed/ITS1/pkk41_ITS1.2.trimmed.fq.gz
pkk42	/nobackup/jcnx71/cacao_flower_microbiome/qiime2/import/primer_trimmed/ITS1/pkk42_ITS1.1.trimmed.fq.gz	/nobackup/jcnx71/cacao_flower_microbiome/qiime2/import/primer_trimmed/ITS1/pkk42_ITS1.2.trimmed.fq.gz
pkk43	/nobackup/jcnx71/cacao_flower_microbiome/qiime2/import/primer_trimmed/ITS1/pkk43_ITS1.1.trimmed.fq.gz	/nobackup/jcnx71/cacao_flower_microbiome/qiime2/import/primer_trimmed/ITS1/pkk43_ITS1.2.trimmed.fq.gz
pkk51	/nobackup/jcnx71/cacao_flower_microbiome/qiime2/import/primer_trimmed/ITS1/pkk51_ITS1.1.trimmed.fq.gz	/nobackup/jcnx71/cacao_flower_microbiome/qiime2/import/primer_trimmed/ITS1/pkk51_ITS1.2.trimmed.fq.gz
pkk52	/nobackup/jcnx71/cacao_flower_microbiome/qiime2/import/primer_trimmed/ITS1/pkk52_ITS1.1.trimmed.fq.gz	/nobackup/jcnx71/cacao_flower_microbiome/qiime2/import/primer_trimmed/ITS1/pkk52_ITS1.2.trimmed.fq.gz
pkk53	/nobackup/jcnx71/cacao_flower_microbiome/qiime2/import/primer_trimmed/ITS1/pkk53_ITS1.1.trimmed.fq.gz	/nobackup/jcnx71/cacao_flower_microbiome/qiime2/import/primer_trimmed/ITS1/pkk53_ITS1.2.trimmed.fq.gz
pkk61	/nobackup/jcnx71/cacao_flower_microbiome/qiime2/import/primer_trimmed/ITS1/pkk61_ITS1.1.trimmed.fq.gz	/nobackup/jcnx71/cacao_flower_microbiome/qiime2/import/primer_trimmed/ITS1/pkk61_ITS1.2.trimmed.fq.gz
pkk62	/nobackup/jcnx71/cacao_flower_microbiome/qiime2/import/primer_trimmed/ITS1/pkk62_ITS1.1.trimmed.fq.gz	/nobackup/jcnx71/cacao_flower_microbiome/qiime2/import/primer_trimmed/ITS1/pkk62_ITS1.2.trimmed.fq.gz
pkk63	/nobackup/jcnx71/cacao_flower_microbiome/qiime2/import/primer_trimmed/ITS1/pkk63_ITS1.1.trimmed.fq.gz	/nobackup/jcnx71/cacao_flower_microbiome/qiime2/import/primer_trimmed/ITS1/pkk63_ITS1.2.trimmed.fq.gz
pkk71	/nobackup/jcnx71/cacao_flower_microbiome/qiime2/import/primer_trimmed/ITS1/pkk71_ITS1.1.trimmed.fq.gz	/nobackup/jcnx71/cacao_flower_microbiome/qiime2/import/primer_trimmed/ITS1/pkk71_ITS1.2.trimmed.fq.gz
pkk72	/nobackup/jcnx71/cacao_flower_microbiome/qiime2/import/primer_trimmed/ITS1/pkk72_ITS1.1.trimmed.fq.gz	/nobackup/jcnx71/cacao_flower_microbiome/qiime2/import/primer_trimmed/ITS1/pkk72_ITS1.2.trimmed.fq.gz
pkk73	/nobackup/jcnx71/cacao_flower_microbiome/qiime2/import/primer_trimmed/ITS1/pkk73_ITS1.1.trimmed.fq.gz	/nobackup/jcnx71/cacao_flower_microbiome/qiime2/import/primer_trimmed/ITS1/pkk73_ITS1.2.trimmed.fq.gz
pkkEC	/nobackup/jcnx71/cacao_flower_microbiome/qiime2/import/primer_trimmed/ITS1/pkkEC_ITS1.1.trimmed.fq.gz	/nobackup/jcnx71/cacao_flower_microbiome/qiime2/import/primer_trimmed/ITS1/pkkEC_ITS1.2.trimmed.fq.gz
pkkNC	/nobackup/jcnx71/cacao_flower_microbiome/qiime2/import/primer_trimmed/ITS1/pkkNC_ITS1.1.trimmed.fq.gz	/nobackup/jcnx71/cacao_flower_microbiome/qiime2/import/primer_trimmed/ITS1/pkkNC_ITS1.2.trimmed.fq.gz
pkkPC	/nobackup/jcnx71/cacao_flower_microbiome/qiime2/import/primer_trimmed/ITS1/pkkPC_ITS1.1.trimmed.fq.gz	/nobackup/jcnx71/cacao_flower_microbiome/qiime2/import/primer_trimmed/ITS1/pkkPC_ITS1.2.trimmed.fq.gz
pmt11	/nobackup/jcnx71/cacao_flower_microbiome/qiime2/import/primer_trimmed/ITS1/pmt11_ITS1.1.trimmed.fq.gz	/nobackup/jcnx71/cacao_flower_microbiome/qiime2/import/primer_trimmed/ITS1/pmt11_ITS1.2.trimmed.fq.gz
pmt12	/nobackup/jcnx71/cacao_flower_microbiome/qiime2/import/primer_trimmed/ITS1/pmt12_ITS1.1.trimmed.fq.gz	/nobackup/jcnx71/cacao_flower_microbiome/qiime2/import/primer_trimmed/ITS1/pmt12_ITS1.2.trimmed.fq.gz
pmt13	/nobackup/jcnx71/cacao_flower_microbiome/qiime2/import/primer_trimmed/ITS1/pmt13_ITS1.1.trimmed.fq.gz	/nobackup/jcnx71/cacao_flower_microbiome/qiime2/import/primer_trimmed/ITS1/pmt13_ITS1.2.trimmed.fq.gz
pmt21	/nobackup/jcnx71/cacao_flower_microbiome/qiime2/import/primer_trimmed/ITS1/pmt21_ITS1.1.trimmed.fq.gz	/nobackup/jcnx71/cacao_flower_microbiome/qiime2/import/primer_trimmed/ITS1/pmt21_ITS1.2.trimmed.fq.gz
pmt22	/nobackup/jcnx71/cacao_flower_microbiome/qiime2/import/primer_trimmed/ITS1/pmt22_ITS1.1.trimmed.fq.gz	/nobackup/jcnx71/cacao_flower_microbiome/qiime2/import/primer_trimmed/ITS1/pmt22_ITS1.2.trimmed.fq.gz
pmt23	/nobackup/jcnx71/cacao_flower_microbiome/qiime2/import/primer_trimmed/ITS1/pmt23_ITS1.1.trimmed.fq.gz	/nobackup/jcnx71/cacao_flower_microbiome/qiime2/import/primer_trimmed/ITS1/pmt23_ITS1.2.trimmed.fq.gz
pmt31	/nobackup/jcnx71/cacao_flower_microbiome/qiime2/import/primer_trimmed/ITS1/pmt31_ITS1.1.trimmed.fq.gz	/nobackup/jcnx71/cacao_flower_microbiome/qiime2/import/primer_trimmed/ITS1/pmt31_ITS1.2.trimmed.fq.gz
pmt32	/nobackup/jcnx71/cacao_flower_microbiome/qiime2/import/primer_trimmed/ITS1/pmt32_ITS1.1.trimmed.fq.gz	/nobackup/jcnx71/cacao_flower_microbiome/qiime2/import/primer_trimmed/ITS1/pmt32_ITS1.2.trimmed.fq.gz
pmt33	/nobackup/jcnx71/cacao_flower_microbiome/qiime2/import/primer_trimmed/ITS1/pmt33_ITS1.1.trimmed.fq.gz	/nobackup/jcnx71/cacao_flower_microbiome/qiime2/import/primer_trimmed/ITS1/pmt33_ITS1.2.trimmed.fq.gz
pmt41	/nobackup/jcnx71/cacao_flower_microbiome/qiime2/import/primer_trimmed/ITS1/pmt41_ITS1.1.trimmed.fq.gz	/nobackup/jcnx71/cacao_flower_microbiome/qiime2/import/primer_trimmed/ITS1/pmt41_ITS1.2.trimmed.fq.gz
pmt42	/nobackup/jcnx71/cacao_flower_microbiome/qiime2/import/primer_trimmed/ITS1/pmt42_ITS1.1.trimmed.fq.gz	/nobackup/jcnx71/cacao_flower_microbiome/qiime2/import/primer_trimmed/ITS1/pmt42_ITS1.2.trimmed.fq.gz
pmt43	/nobackup/jcnx71/cacao_flower_microbiome/qiime2/import/primer_trimmed/ITS1/pmt43_ITS1.1.trimmed.fq.gz	/nobackup/jcnx71/cacao_flower_microbiome/qiime2/import/primer_trimmed/ITS1/pmt43_ITS1.2.trimmed.fq.gz
pmt51	/nobackup/jcnx71/cacao_flower_microbiome/qiime2/import/primer_trimmed/ITS1/pmt51_ITS1.1.trimmed.fq.gz	/nobackup/jcnx71/cacao_flower_microbiome/qiime2/import/primer_trimmed/ITS1/pmt51_ITS1.2.trimmed.fq.gz
pmt52	/nobackup/jcnx71/cacao_flower_microbiome/qiime2/import/primer_trimmed/ITS1/pmt52_ITS1.1.trimmed.fq.gz	/nobackup/jcnx71/cacao_flower_microbiome/qiime2/import/primer_trimmed/ITS1/pmt52_ITS1.2.trimmed.fq.gz
pmt53	/nobackup/jcnx71/cacao_flower_microbiome/qiime2/import/primer_trimmed/ITS1/pmt53_ITS1.1.trimmed.fq.gz	/nobackup/jcnx71/cacao_flower_microbiome/qiime2/import/primer_trimmed/ITS1/pmt53_ITS1.2.trimmed.fq.gz
pmt61	/nobackup/jcnx71/cacao_flower_microbiome/qiime2/import/primer_trimmed/ITS1/pmt61_ITS1.1.trimmed.fq.gz	/nobackup/jcnx71/cacao_flower_microbiome/qiime2/import/primer_trimmed/ITS1/pmt61_ITS1.2.trimmed.fq.gz
pmt62	/nobackup/jcnx71/cacao_flower_microbiome/qiime2/import/primer_trimmed/ITS1/pmt62_ITS1.1.trimmed.fq.gz	/nobackup/jcnx71/cacao_flower_microbiome/qiime2/import/primer_trimmed/ITS1/pmt62_ITS1.2.trimmed.fq.gz
pmt63	/nobackup/jcnx71/cacao_flower_microbiome/qiime2/import/primer_trimmed/ITS1/pmt63_ITS1.1.trimmed.fq.gz	/nobackup/jcnx71/cacao_flower_microbiome/qiime2/import/primer_trimmed/ITS1/pmt63_ITS1.2.trimmed.fq.gz
pmt71	/nobackup/jcnx71/cacao_flower_microbiome/qiime2/import/primer_trimmed/ITS1/pmt71_ITS1.1.trimmed.fq.gz	/nobackup/jcnx71/cacao_flower_microbiome/qiime2/import/primer_trimmed/ITS1/pmt71_ITS1.2.trimmed.fq.gz
pmt72	/nobackup/jcnx71/cacao_flower_microbiome/qiime2/import/primer_trimmed/ITS1/pmt72_ITS1.1.trimmed.fq.gz	/nobackup/jcnx71/cacao_flower_microbiome/qiime2/import/primer_trimmed/ITS1/pmt72_ITS1.2.trimmed.fq.gz
pmt73	/nobackup/jcnx71/cacao_flower_microbiome/qiime2/import/primer_trimmed/ITS1/pmt73_ITS1.1.trimmed.fq.gz	/nobackup/jcnx71/cacao_flower_microbiome/qiime2/import/primer_trimmed/ITS1/pmt73_ITS1.2.trimmed.fq.gz
pmtEC	/nobackup/jcnx71/cacao_flower_microbiome/qiime2/import/primer_trimmed/ITS1/pmtEC_ITS1.1.trimmed.fq.gz	/nobackup/jcnx71/cacao_flower_microbiome/qiime2/import/primer_trimmed/ITS1/pmtEC_ITS1.2.trimmed.fq.gz
pmtNC	/nobackup/jcnx71/cacao_flower_microbiome/qiime2/import/primer_trimmed/ITS1/pmtNC_ITS1.1.trimmed.fq.gz	/nobackup/jcnx71/cacao_flower_microbiome/qiime2/import/primer_trimmed/ITS1/pmtNC_ITS1.2.trimmed.fq.gz
pmtPC	/nobackup/jcnx71/cacao_flower_microbiome/qiime2/import/primer_trimmed/ITS1/pmtPC_ITS1.1.trimmed.fq.gz	/nobackup/jcnx71/cacao_flower_microbiome/qiime2/import/primer_trimmed/ITS1/pmtPC_ITS1.2.trimmed.fq.gz
psa11	/nobackup/jcnx71/cacao_flower_microbiome/qiime2/import/primer_trimmed/ITS1/psa11_ITS1.1.trimmed.fq.gz	/nobackup/jcnx71/cacao_flower_microbiome/qiime2/import/primer_trimmed/ITS1/psa11_ITS1.2.trimmed.fq.gz
psa12	/nobackup/jcnx71/cacao_flower_microbiome/qiime2/import/primer_trimmed/ITS1/psa12_ITS1.1.trimmed.fq.gz	/nobackup/jcnx71/cacao_flower_microbiome/qiime2/import/primer_trimmed/ITS1/psa12_ITS1.2.trimmed.fq.gz
psa13	/nobackup/jcnx71/cacao_flower_microbiome/qiime2/import/primer_trimmed/ITS1/psa13_ITS1.1.trimmed.fq.gz	/nobackup/jcnx71/cacao_flower_microbiome/qiime2/import/primer_trimmed/ITS1/psa13_ITS1.2.trimmed.fq.gz
psa21	/nobackup/jcnx71/cacao_flower_microbiome/qiime2/import/primer_trimmed/ITS1/psa21_ITS1.1.trimmed.fq.gz	/nobackup/jcnx71/cacao_flower_microbiome/qiime2/import/primer_trimmed/ITS1/psa21_ITS1.2.trimmed.fq.gz
psa22	/nobackup/jcnx71/cacao_flower_microbiome/qiime2/import/primer_trimmed/ITS1/psa22_ITS1.1.trimmed.fq.gz	/nobackup/jcnx71/cacao_flower_microbiome/qiime2/import/primer_trimmed/ITS1/psa22_ITS1.2.trimmed.fq.gz
psa23	/nobackup/jcnx71/cacao_flower_microbiome/qiime2/import/primer_trimmed/ITS1/psa23_ITS1.1.trimmed.fq.gz	/nobackup/jcnx71/cacao_flower_microbiome/qiime2/import/primer_trimmed/ITS1/psa23_ITS1.2.trimmed.fq.gz
psa31	/nobackup/jcnx71/cacao_flower_microbiome/qiime2/import/primer_trimmed/ITS1/psa31_ITS1.1.trimmed.fq.gz	/nobackup/jcnx71/cacao_flower_microbiome/qiime2/import/primer_trimmed/ITS1/psa31_ITS1.2.trimmed.fq.gz
psa32	/nobackup/jcnx71/cacao_flower_microbiome/qiime2/import/primer_trimmed/ITS1/psa32_ITS1.1.trimmed.fq.gz	/nobackup/jcnx71/cacao_flower_microbiome/qiime2/import/primer_trimmed/ITS1/psa32_ITS1.2.trimmed.fq.gz
psa33	/nobackup/jcnx71/cacao_flower_microbiome/qiime2/import/primer_trimmed/ITS1/psa33_ITS1.1.trimmed.fq.gz	/nobackup/jcnx71/cacao_flower_microbiome/qiime2/import/primer_trimmed/ITS1/psa33_ITS1.2.trimmed.fq.gz
psa41	/nobackup/jcnx71/cacao_flower_microbiome/qiime2/import/primer_trimmed/ITS1/psa41_ITS1.1.trimmed.fq.gz	/nobackup/jcnx71/cacao_flower_microbiome/qiime2/import/primer_trimmed/ITS1/psa41_ITS1.2.trimmed.fq.gz
psa42	/nobackup/jcnx71/cacao_flower_microbiome/qiime2/import/primer_trimmed/ITS1/psa42_ITS1.1.trimmed.fq.gz	/nobackup/jcnx71/cacao_flower_microbiome/qiime2/import/primer_trimmed/ITS1/psa42_ITS1.2.trimmed.fq.gz
psa43	/nobackup/jcnx71/cacao_flower_microbiome/qiime2/import/primer_trimmed/ITS1/psa43_ITS1.1.trimmed.fq.gz	/nobackup/jcnx71/cacao_flower_microbiome/qiime2/import/primer_trimmed/ITS1/psa43_ITS1.2.trimmed.fq.gz
psa51	/nobackup/jcnx71/cacao_flower_microbiome/qiime2/import/primer_trimmed/ITS1/psa51_ITS1.1.trimmed.fq.gz	/nobackup/jcnx71/cacao_flower_microbiome/qiime2/import/primer_trimmed/ITS1/psa51_ITS1.2.trimmed.fq.gz
psa52	/nobackup/jcnx71/cacao_flower_microbiome/qiime2/import/primer_trimmed/ITS1/psa52_ITS1.1.trimmed.fq.gz	/nobackup/jcnx71/cacao_flower_microbiome/qiime2/import/primer_trimmed/ITS1/psa52_ITS1.2.trimmed.fq.gz
psa53	/nobackup/jcnx71/cacao_flower_microbiome/qiime2/import/primer_trimmed/ITS1/psa53_ITS1.1.trimmed.fq.gz	/nobackup/jcnx71/cacao_flower_microbiome/qiime2/import/primer_trimmed/ITS1/psa53_ITS1.2.trimmed.fq.gz
psa61	/nobackup/jcnx71/cacao_flower_microbiome/qiime2/import/primer_trimmed/ITS1/psa61_ITS1.1.trimmed.fq.gz	/nobackup/jcnx71/cacao_flower_microbiome/qiime2/import/primer_trimmed/ITS1/psa61_ITS1.2.trimmed.fq.gz
psa62	/nobackup/jcnx71/cacao_flower_microbiome/qiime2/import/primer_trimmed/ITS1/psa62_ITS1.1.trimmed.fq.gz	/nobackup/jcnx71/cacao_flower_microbiome/qiime2/import/primer_trimmed/ITS1/psa62_ITS1.2.trimmed.fq.gz
psa63	/nobackup/jcnx71/cacao_flower_microbiome/qiime2/import/primer_trimmed/ITS1/psa63_ITS1.1.trimmed.fq.gz	/nobackup/jcnx71/cacao_flower_microbiome/qiime2/import/primer_trimmed/ITS1/psa63_ITS1.2.trimmed.fq.gz
psa71	/nobackup/jcnx71/cacao_flower_microbiome/qiime2/import/primer_trimmed/ITS1/psa71_ITS1.1.trimmed.fq.gz	/nobackup/jcnx71/cacao_flower_microbiome/qiime2/import/primer_trimmed/ITS1/psa71_ITS1.2.trimmed.fq.gz
psa72	/nobackup/jcnx71/cacao_flower_microbiome/qiime2/import/primer_trimmed/ITS1/psa72_ITS1.1.trimmed.fq.gz	/nobackup/jcnx71/cacao_flower_microbiome/qiime2/import/primer_trimmed/ITS1/psa72_ITS1.2.trimmed.fq.gz
psa73	/nobackup/jcnx71/cacao_flower_microbiome/qiime2/import/primer_trimmed/ITS1/psa73_ITS1.1.trimmed.fq.gz	/nobackup/jcnx71/cacao_flower_microbiome/qiime2/import/primer_trimmed/ITS1/psa73_ITS1.2.trimmed.fq.gz
psaEC	/nobackup/jcnx71/cacao_flower_microbiome/qiime2/import/primer_trimmed/ITS1/psaEC_ITS1.1.trimmed.fq.gz	/nobackup/jcnx71/cacao_flower_microbiome/qiime2/import/primer_trimmed/ITS1/psaEC_ITS1.2.trimmed.fq.gz
psaNC	/nobackup/jcnx71/cacao_flower_microbiome/qiime2/import/primer_trimmed/ITS1/psaNC_ITS1.1.trimmed.fq.gz	/nobackup/jcnx71/cacao_flower_microbiome/qiime2/import/primer_trimmed/ITS1/psaNC_ITS1.2.trimmed.fq.gz
psaPC	/nobackup/jcnx71/cacao_flower_microbiome/qiime2/import/primer_trimmed/ITS1/psaPC_ITS1.1.trimmed.fq.gz	/nobackup/jcnx71/cacao_flower_microbiome/qiime2/import/primer_trimmed/ITS1/psaPC_ITS1.2.trimmed.fq.gz
pvi11	/nobackup/jcnx71/cacao_flower_microbiome/qiime2/import/primer_trimmed/ITS1/pvi11_ITS1.1.trimmed.fq.gz	/nobackup/jcnx71/cacao_flower_microbiome/qiime2/import/primer_trimmed/ITS1/pvi11_ITS1.2.trimmed.fq.gz
pvi12	/nobackup/jcnx71/cacao_flower_microbiome/qiime2/import/primer_trimmed/ITS1/pvi12_ITS1.1.trimmed.fq.gz	/nobackup/jcnx71/cacao_flower_microbiome/qiime2/import/primer_trimmed/ITS1/pvi12_ITS1.2.trimmed.fq.gz
pvi13	/nobackup/jcnx71/cacao_flower_microbiome/qiime2/import/primer_trimmed/ITS1/pvi13_ITS1.1.trimmed.fq.gz	/nobackup/jcnx71/cacao_flower_microbiome/qiime2/import/primer_trimmed/ITS1/pvi13_ITS1.2.trimmed.fq.gz
pvi21	/nobackup/jcnx71/cacao_flower_microbiome/qiime2/import/primer_trimmed/ITS1/pvi21_ITS1.1.trimmed.fq.gz	/nobackup/jcnx71/cacao_flower_microbiome/qiime2/import/primer_trimmed/ITS1/pvi21_ITS1.2.trimmed.fq.gz
pvi22	/nobackup/jcnx71/cacao_flower_microbiome/qiime2/import/primer_trimmed/ITS1/pvi22_ITS1.1.trimmed.fq.gz	/nobackup/jcnx71/cacao_flower_microbiome/qiime2/import/primer_trimmed/ITS1/pvi22_ITS1.2.trimmed.fq.gz
pvi23	/nobackup/jcnx71/cacao_flower_microbiome/qiime2/import/primer_trimmed/ITS1/pvi23_ITS1.1.trimmed.fq.gz	/nobackup/jcnx71/cacao_flower_microbiome/qiime2/import/primer_trimmed/ITS1/pvi23_ITS1.2.trimmed.fq.gz
pvi31	/nobackup/jcnx71/cacao_flower_microbiome/qiime2/import/primer_trimmed/ITS1/pvi31_ITS1.1.trimmed.fq.gz	/nobackup/jcnx71/cacao_flower_microbiome/qiime2/import/primer_trimmed/ITS1/pvi31_ITS1.2.trimmed.fq.gz
pvi32	/nobackup/jcnx71/cacao_flower_microbiome/qiime2/import/primer_trimmed/ITS1/pvi32_ITS1.1.trimmed.fq.gz	/nobackup/jcnx71/cacao_flower_microbiome/qiime2/import/primer_trimmed/ITS1/pvi32_ITS1.2.trimmed.fq.gz
pvi33	/nobackup/jcnx71/cacao_flower_microbiome/qiime2/import/primer_trimmed/ITS1/pvi33_ITS1.1.trimmed.fq.gz	/nobackup/jcnx71/cacao_flower_microbiome/qiime2/import/primer_trimmed/ITS1/pvi33_ITS1.2.trimmed.fq.gz
pvi41	/nobackup/jcnx71/cacao_flower_microbiome/qiime2/import/primer_trimmed/ITS1/pvi41_ITS1.1.trimmed.fq.gz	/nobackup/jcnx71/cacao_flower_microbiome/qiime2/import/primer_trimmed/ITS1/pvi41_ITS1.2.trimmed.fq.gz
pvi42	/nobackup/jcnx71/cacao_flower_microbiome/qiime2/import/primer_trimmed/ITS1/pvi42_ITS1.1.trimmed.fq.gz	/nobackup/jcnx71/cacao_flower_microbiome/qiime2/import/primer_trimmed/ITS1/pvi42_ITS1.2.trimmed.fq.gz
pvi43	/nobackup/jcnx71/cacao_flower_microbiome/qiime2/import/primer_trimmed/ITS1/pvi43_ITS1.1.trimmed.fq.gz	/nobackup/jcnx71/cacao_flower_microbiome/qiime2/import/primer_trimmed/ITS1/pvi43_ITS1.2.trimmed.fq.gz
pvi51	/nobackup/jcnx71/cacao_flower_microbiome/qiime2/import/primer_trimmed/ITS1/pvi51_ITS1.1.trimmed.fq.gz	/nobackup/jcnx71/cacao_flower_microbiome/qiime2/import/primer_trimmed/ITS1/pvi51_ITS1.2.trimmed.fq.gz
pvi52	/nobackup/jcnx71/cacao_flower_microbiome/qiime2/import/primer_trimmed/ITS1/pvi52_ITS1.1.trimmed.fq.gz	/nobackup/jcnx71/cacao_flower_microbiome/qiime2/import/primer_trimmed/ITS1/pvi52_ITS1.2.trimmed.fq.gz
pvi53	/nobackup/jcnx71/cacao_flower_microbiome/qiime2/import/primer_trimmed/ITS1/pvi53_ITS1.1.trimmed.fq.gz	/nobackup/jcnx71/cacao_flower_microbiome/qiime2/import/primer_trimmed/ITS1/pvi53_ITS1.2.trimmed.fq.gz
pvi61	/nobackup/jcnx71/cacao_flower_microbiome/qiime2/import/primer_trimmed/ITS1/pvi61_ITS1.1.trimmed.fq.gz	/nobackup/jcnx71/cacao_flower_microbiome/qiime2/import/primer_trimmed/ITS1/pvi61_ITS1.2.trimmed.fq.gz
pvi62	/nobackup/jcnx71/cacao_flower_microbiome/qiime2/import/primer_trimmed/ITS1/pvi62_ITS1.1.trimmed.fq.gz	/nobackup/jcnx71/cacao_flower_microbiome/qiime2/import/primer_trimmed/ITS1/pvi62_ITS1.2.trimmed.fq.gz
pvi63	/nobackup/jcnx71/cacao_flower_microbiome/qiime2/import/primer_trimmed/ITS1/pvi63_ITS1.1.trimmed.fq.gz	/nobackup/jcnx71/cacao_flower_microbiome/qiime2/import/primer_trimmed/ITS1/pvi63_ITS1.2.trimmed.fq.gz
pvi71	/nobackup/jcnx71/cacao_flower_microbiome/qiime2/import/primer_trimmed/ITS1/pvi71_ITS1.1.trimmed.fq.gz	/nobackup/jcnx71/cacao_flower_microbiome/qiime2/import/primer_trimmed/ITS1/pvi71_ITS1.2.trimmed.fq.gz
pvi72	/nobackup/jcnx71/cacao_flower_microbiome/qiime2/import/primer_trimmed/ITS1/pvi72_ITS1.1.trimmed.fq.gz	/nobackup/jcnx71/cacao_flower_microbiome/qiime2/import/primer_trimmed/ITS1/pvi72_ITS1.2.trimmed.fq.gz
pvi73	/nobackup/jcnx71/cacao_flower_microbiome/qiime2/import/primer_trimmed/ITS1/pvi73_ITS1.1.trimmed.fq.gz	/nobackup/jcnx71/cacao_flower_microbiome/qiime2/import/primer_trimmed/ITS1/pvi73_ITS1.2.trimmed.fq.gz
pviEC	/nobackup/jcnx71/cacao_flower_microbiome/qiime2/import/primer_trimmed/ITS1/pviEC_ITS1.1.trimmed.fq.gz	/nobackup/jcnx71/cacao_flower_microbiome/qiime2/import/primer_trimmed/ITS1/pviEC_ITS1.2.trimmed.fq.gz
pviNC	/nobackup/jcnx71/cacao_flower_microbiome/qiime2/import/primer_trimmed/ITS1/pviNC_ITS1.1.trimmed.fq.gz	/nobackup/jcnx71/cacao_flower_microbiome/qiime2/import/primer_trimmed/ITS1/pviNC_ITS1.2.trimmed.fq.gz
pviPC	/nobackup/jcnx71/cacao_flower_microbiome/qiime2/import/primer_trimmed/ITS1/pviPC_ITS1.1.trimmed.fq.gz	/nobackup/jcnx71/cacao_flower_microbiome/qiime2/import/primer_trimmed/ITS1/pviPC_ITS1.2.trimmed.fq.gz
pvr11	/nobackup/jcnx71/cacao_flower_microbiome/qiime2/import/primer_trimmed/ITS1/pvr11_ITS1.1.trimmed.fq.gz	/nobackup/jcnx71/cacao_flower_microbiome/qiime2/import/primer_trimmed/ITS1/pvr11_ITS1.2.trimmed.fq.gz
pvr12	/nobackup/jcnx71/cacao_flower_microbiome/qiime2/import/primer_trimmed/ITS1/pvr12_ITS1.1.trimmed.fq.gz	/nobackup/jcnx71/cacao_flower_microbiome/qiime2/import/primer_trimmed/ITS1/pvr12_ITS1.2.trimmed.fq.gz
pvr13	/nobackup/jcnx71/cacao_flower_microbiome/qiime2/import/primer_trimmed/ITS1/pvr13_ITS1.1.trimmed.fq.gz	/nobackup/jcnx71/cacao_flower_microbiome/qiime2/import/primer_trimmed/ITS1/pvr13_ITS1.2.trimmed.fq.gz
pvr21	/nobackup/jcnx71/cacao_flower_microbiome/qiime2/import/primer_trimmed/ITS1/pvr21_ITS1.1.trimmed.fq.gz	/nobackup/jcnx71/cacao_flower_microbiome/qiime2/import/primer_trimmed/ITS1/pvr21_ITS1.2.trimmed.fq.gz
pvr22	/nobackup/jcnx71/cacao_flower_microbiome/qiime2/import/primer_trimmed/ITS1/pvr22_ITS1.1.trimmed.fq.gz	/nobackup/jcnx71/cacao_flower_microbiome/qiime2/import/primer_trimmed/ITS1/pvr22_ITS1.2.trimmed.fq.gz
pvr23	/nobackup/jcnx71/cacao_flower_microbiome/qiime2/import/primer_trimmed/ITS1/pvr23_ITS1.1.trimmed.fq.gz	/nobackup/jcnx71/cacao_flower_microbiome/qiime2/import/primer_trimmed/ITS1/pvr23_ITS1.2.trimmed.fq.gz
pvr31	/nobackup/jcnx71/cacao_flower_microbiome/qiime2/import/primer_trimmed/ITS1/pvr31_ITS1.1.trimmed.fq.gz	/nobackup/jcnx71/cacao_flower_microbiome/qiime2/import/primer_trimmed/ITS1/pvr31_ITS1.2.trimmed.fq.gz
pvr32	/nobackup/jcnx71/cacao_flower_microbiome/qiime2/import/primer_trimmed/ITS1/pvr32_ITS1.1.trimmed.fq.gz	/nobackup/jcnx71/cacao_flower_microbiome/qiime2/import/primer_trimmed/ITS1/pvr32_ITS1.2.trimmed.fq.gz
pvr33	/nobackup/jcnx71/cacao_flower_microbiome/qiime2/import/primer_trimmed/ITS1/pvr33_ITS1.1.trimmed.fq.gz	/nobackup/jcnx71/cacao_flower_microbiome/qiime2/import/primer_trimmed/ITS1/pvr33_ITS1.2.trimmed.fq.gz
pvr41	/nobackup/jcnx71/cacao_flower_microbiome/qiime2/import/primer_trimmed/ITS1/pvr41_ITS1.1.trimmed.fq.gz	/nobackup/jcnx71/cacao_flower_microbiome/qiime2/import/primer_trimmed/ITS1/pvr41_ITS1.2.trimmed.fq.gz
pvr42	/nobackup/jcnx71/cacao_flower_microbiome/qiime2/import/primer_trimmed/ITS1/pvr42_ITS1.1.trimmed.fq.gz	/nobackup/jcnx71/cacao_flower_microbiome/qiime2/import/primer_trimmed/ITS1/pvr42_ITS1.2.trimmed.fq.gz
pvr43	/nobackup/jcnx71/cacao_flower_microbiome/qiime2/import/primer_trimmed/ITS1/pvr43_ITS1.1.trimmed.fq.gz	/nobackup/jcnx71/cacao_flower_microbiome/qiime2/import/primer_trimmed/ITS1/pvr43_ITS1.2.trimmed.fq.gz
pvr51	/nobackup/jcnx71/cacao_flower_microbiome/qiime2/import/primer_trimmed/ITS1/pvr51_ITS1.1.trimmed.fq.gz	/nobackup/jcnx71/cacao_flower_microbiome/qiime2/import/primer_trimmed/ITS1/pvr51_ITS1.2.trimmed.fq.gz
pvr52	/nobackup/jcnx71/cacao_flower_microbiome/qiime2/import/primer_trimmed/ITS1/pvr52_ITS1.1.trimmed.fq.gz	/nobackup/jcnx71/cacao_flower_microbiome/qiime2/import/primer_trimmed/ITS1/pvr52_ITS1.2.trimmed.fq.gz
pvr53	/nobackup/jcnx71/cacao_flower_microbiome/qiime2/import/primer_trimmed/ITS1/pvr53_ITS1.1.trimmed.fq.gz	/nobackup/jcnx71/cacao_flower_microbiome/qiime2/import/primer_trimmed/ITS1/pvr53_ITS1.2.trimmed.fq.gz
pvr61	/nobackup/jcnx71/cacao_flower_microbiome/qiime2/import/primer_trimmed/ITS1/pvr61_ITS1.1.trimmed.fq.gz	/nobackup/jcnx71/cacao_flower_microbiome/qiime2/import/primer_trimmed/ITS1/pvr61_ITS1.2.trimmed.fq.gz
pvr62	/nobackup/jcnx71/cacao_flower_microbiome/qiime2/import/primer_trimmed/ITS1/pvr62_ITS1.1.trimmed.fq.gz	/nobackup/jcnx71/cacao_flower_microbiome/qiime2/import/primer_trimmed/ITS1/pvr62_ITS1.2.trimmed.fq.gz
pvr63	/nobackup/jcnx71/cacao_flower_microbiome/qiime2/import/primer_trimmed/ITS1/pvr63_ITS1.1.trimmed.fq.gz	/nobackup/jcnx71/cacao_flower_microbiome/qiime2/import/primer_trimmed/ITS1/pvr63_ITS1.2.trimmed.fq.gz
pvr71	/nobackup/jcnx71/cacao_flower_microbiome/qiime2/import/primer_trimmed/ITS1/pvr71_ITS1.1.trimmed.fq.gz	/nobackup/jcnx71/cacao_flower_microbiome/qiime2/import/primer_trimmed/ITS1/pvr71_ITS1.2.trimmed.fq.gz
pvr72	/nobackup/jcnx71/cacao_flower_microbiome/qiime2/import/primer_trimmed/ITS1/pvr72_ITS1.1.trimmed.fq.gz	/nobackup/jcnx71/cacao_flower_microbiome/qiime2/import/primer_trimmed/ITS1/pvr72_ITS1.2.trimmed.fq.gz
pvr73	/nobackup/jcnx71/cacao_flower_microbiome/qiime2/import/primer_trimmed/ITS1/pvr73_ITS1.1.trimmed.fq.gz	/nobackup/jcnx71/cacao_flower_microbiome/qiime2/import/primer_trimmed/ITS1/pvr73_ITS1.2.trimmed.fq.gz
pvrEC	/nobackup/jcnx71/cacao_flower_microbiome/qiime2/import/primer_trimmed/ITS1/pvrEC_ITS1.1.trimmed.fq.gz	/nobackup/jcnx71/cacao_flower_microbiome/qiime2/import/primer_trimmed/ITS1/pvrEC_ITS1.2.trimmed.fq.gz
pvrNC	/nobackup/jcnx71/cacao_flower_microbiome/qiime2/import/primer_trimmed/ITS1/pvrNC_ITS1.1.trimmed.fq.gz	/nobackup/jcnx71/cacao_flower_microbiome/qiime2/import/primer_trimmed/ITS1/pvrNC_ITS1.2.trimmed.fq.gz
pvrPC	/nobackup/jcnx71/cacao_flower_microbiome/qiime2/import/primer_trimmed/ITS1/pvrPC_ITS1.1.trimmed.fq.gz	/nobackup/jcnx71/cacao_flower_microbiome/qiime2/import/primer_trimmed/ITS1/pvrPC_ITS1.2.trimmed.fq.gz
pyb11	/nobackup/jcnx71/cacao_flower_microbiome/qiime2/import/primer_trimmed/ITS1/pyb11_ITS1.1.trimmed.fq.gz	/nobackup/jcnx71/cacao_flower_microbiome/qiime2/import/primer_trimmed/ITS1/pyb11_ITS1.2.trimmed.fq.gz
pyb12	/nobackup/jcnx71/cacao_flower_microbiome/qiime2/import/primer_trimmed/ITS1/pyb12_ITS1.1.trimmed.fq.gz	/nobackup/jcnx71/cacao_flower_microbiome/qiime2/import/primer_trimmed/ITS1/pyb12_ITS1.2.trimmed.fq.gz
pyb13	/nobackup/jcnx71/cacao_flower_microbiome/qiime2/import/primer_trimmed/ITS1/pyb13_ITS1.1.trimmed.fq.gz	/nobackup/jcnx71/cacao_flower_microbiome/qiime2/import/primer_trimmed/ITS1/pyb13_ITS1.2.trimmed.fq.gz
pyb21	/nobackup/jcnx71/cacao_flower_microbiome/qiime2/import/primer_trimmed/ITS1/pyb21_ITS1.1.trimmed.fq.gz	/nobackup/jcnx71/cacao_flower_microbiome/qiime2/import/primer_trimmed/ITS1/pyb21_ITS1.2.trimmed.fq.gz
pyb22	/nobackup/jcnx71/cacao_flower_microbiome/qiime2/import/primer_trimmed/ITS1/pyb22_ITS1.1.trimmed.fq.gz	/nobackup/jcnx71/cacao_flower_microbiome/qiime2/import/primer_trimmed/ITS1/pyb22_ITS1.2.trimmed.fq.gz
pyb23	/nobackup/jcnx71/cacao_flower_microbiome/qiime2/import/primer_trimmed/ITS1/pyb23_ITS1.1.trimmed.fq.gz	/nobackup/jcnx71/cacao_flower_microbiome/qiime2/import/primer_trimmed/ITS1/pyb23_ITS1.2.trimmed.fq.gz
pyb31	/nobackup/jcnx71/cacao_flower_microbiome/qiime2/import/primer_trimmed/ITS1/pyb31_ITS1.1.trimmed.fq.gz	/nobackup/jcnx71/cacao_flower_microbiome/qiime2/import/primer_trimmed/ITS1/pyb31_ITS1.2.trimmed.fq.gz
pyb32	/nobackup/jcnx71/cacao_flower_microbiome/qiime2/import/primer_trimmed/ITS1/pyb32_ITS1.1.trimmed.fq.gz	/nobackup/jcnx71/cacao_flower_microbiome/qiime2/import/primer_trimmed/ITS1/pyb32_ITS1.2.trimmed.fq.gz
pyb33	/nobackup/jcnx71/cacao_flower_microbiome/qiime2/import/primer_trimmed/ITS1/pyb33_ITS1.1.trimmed.fq.gz	/nobackup/jcnx71/cacao_flower_microbiome/qiime2/import/primer_trimmed/ITS1/pyb33_ITS1.2.trimmed.fq.gz
pyb41	/nobackup/jcnx71/cacao_flower_microbiome/qiime2/import/primer_trimmed/ITS1/pyb41_ITS1.1.trimmed.fq.gz	/nobackup/jcnx71/cacao_flower_microbiome/qiime2/import/primer_trimmed/ITS1/pyb41_ITS1.2.trimmed.fq.gz
pyb42	/nobackup/jcnx71/cacao_flower_microbiome/qiime2/import/primer_trimmed/ITS1/pyb42_ITS1.1.trimmed.fq.gz	/nobackup/jcnx71/cacao_flower_microbiome/qiime2/import/primer_trimmed/ITS1/pyb42_ITS1.2.trimmed.fq.gz
pyb43	/nobackup/jcnx71/cacao_flower_microbiome/qiime2/import/primer_trimmed/ITS1/pyb43_ITS1.1.trimmed.fq.gz	/nobackup/jcnx71/cacao_flower_microbiome/qiime2/import/primer_trimmed/ITS1/pyb43_ITS1.2.trimmed.fq.gz
pyb51	/nobackup/jcnx71/cacao_flower_microbiome/qiime2/import/primer_trimmed/ITS1/pyb51_ITS1.1.trimmed.fq.gz	/nobackup/jcnx71/cacao_flower_microbiome/qiime2/import/primer_trimmed/ITS1/pyb51_ITS1.2.trimmed.fq.gz
pyb52	/nobackup/jcnx71/cacao_flower_microbiome/qiime2/import/primer_trimmed/ITS1/pyb52_ITS1.1.trimmed.fq.gz	/nobackup/jcnx71/cacao_flower_microbiome/qiime2/import/primer_trimmed/ITS1/pyb52_ITS1.2.trimmed.fq.gz
pyb53	/nobackup/jcnx71/cacao_flower_microbiome/qiime2/import/primer_trimmed/ITS1/pyb53_ITS1.1.trimmed.fq.gz	/nobackup/jcnx71/cacao_flower_microbiome/qiime2/import/primer_trimmed/ITS1/pyb53_ITS1.2.trimmed.fq.gz
pyb61	/nobackup/jcnx71/cacao_flower_microbiome/qiime2/import/primer_trimmed/ITS1/pyb61_ITS1.1.trimmed.fq.gz	/nobackup/jcnx71/cacao_flower_microbiome/qiime2/import/primer_trimmed/ITS1/pyb61_ITS1.2.trimmed.fq.gz
pyb62	/nobackup/jcnx71/cacao_flower_microbiome/qiime2/import/primer_trimmed/ITS1/pyb62_ITS1.1.trimmed.fq.gz	/nobackup/jcnx71/cacao_flower_microbiome/qiime2/import/primer_trimmed/ITS1/pyb62_ITS1.2.trimmed.fq.gz
pyb63	/nobackup/jcnx71/cacao_flower_microbiome/qiime2/import/primer_trimmed/ITS1/pyb63_ITS1.1.trimmed.fq.gz	/nobackup/jcnx71/cacao_flower_microbiome/qiime2/import/primer_trimmed/ITS1/pyb63_ITS1.2.trimmed.fq.gz
pyb71	/nobackup/jcnx71/cacao_flower_microbiome/qiime2/import/primer_trimmed/ITS1/pyb71_ITS1.1.trimmed.fq.gz	/nobackup/jcnx71/cacao_flower_microbiome/qiime2/import/primer_trimmed/ITS1/pyb71_ITS1.2.trimmed.fq.gz
pyb72	/nobackup/jcnx71/cacao_flower_microbiome/qiime2/import/primer_trimmed/ITS1/pyb72_ITS1.1.trimmed.fq.gz	/nobackup/jcnx71/cacao_flower_microbiome/qiime2/import/primer_trimmed/ITS1/pyb72_ITS1.2.trimmed.fq.gz
pyb73	/nobackup/jcnx71/cacao_flower_microbiome/qiime2/import/primer_trimmed/ITS1/pyb73_ITS1.1.trimmed.fq.gz	/nobackup/jcnx71/cacao_flower_microbiome/qiime2/import/primer_trimmed/ITS1/pyb73_ITS1.2.trimmed.fq.gz
pybEC	/nobackup/jcnx71/cacao_flower_microbiome/qiime2/import/primer_trimmed/ITS1/pybEC_ITS1.1.trimmed.fq.gz	/nobackup/jcnx71/cacao_flower_microbiome/qiime2/import/primer_trimmed/ITS1/pybEC_ITS1.2.trimmed.fq.gz
pybNC	/nobackup/jcnx71/cacao_flower_microbiome/qiime2/import/primer_trimmed/ITS1/pybNC_ITS1.1.trimmed.fq.gz	/nobackup/jcnx71/cacao_flower_microbiome/qiime2/import/primer_trimmed/ITS1/pybNC_ITS1.2.trimmed.fq.gz
pybPC	/nobackup/jcnx71/cacao_flower_microbiome/qiime2/import/primer_trimmed/ITS1/pybPC_ITS1.1.trimmed.fq.gz	/nobackup/jcnx71/cacao_flower_microbiome/qiime2/import/primer_trimmed/ITS1/pybPC_ITS1.2.trimmed.fq.gz
